代碼,英文,中文,屬性,職業,天生星,自動,覆蓋
30014,51LV3R,,光,支援,5,B,
30013,570RM,,風,攻擊,5,B,
30012,7R1X,駭客,火,支援,5,A,
25611,Aaliyah,,水,支援,5,B,
22211,Abellio,阿貝里歐,水,防禦,5,A,
22311,Abellio,,水,防禦,5,A,
22911,Abigail,,水,攻擊,4,B,
11913,Acasis,,風,支援,4,B,
32315,Actaeon,,暗,防禦,5,B,
20912,Adrian,,火,支援,3,C,
26811,Adriana,亞德里亞娜,水,支援,5,A,
18811,Aegir,,水,攻擊,4,B,
10113,Aeilene,,風,支援,2,D,
10133,Aeilene,,風,支援,2,D,
34212,Agrenia,,火,支援,5,B,
34112,Agrius,,火,攻擊,4,B,
13714,Ahman,,光,體力,3,B,
28014,Ahmed,,光,體力,4,B,
19213,Akhamamir,,風,攻擊,5,A,
13312,Akia,,火,攻擊,4,B,
13814,Akroma,阿卡洛瑪,光,防禦,5,B,
30114,Alesia,,光,攻擊,4,B,
21515,Alexandra,,暗,體力,5,B,
21615,Alexandra,,暗,體力,5,B,
26912,Alice,,火,防禦,5,B,
18911,Alicia,,水,攻擊,5,B,
15211,Allen,,水,體力,2,D,
15231,Allen,,水,體力,2,D,
27314,Altaïr,,光,攻擊,5,B,
15412,Amanda,,火,攻擊,3,C,
20414,Amarna,,光,支援,4,B,
14901,Amazon,,水,攻擊,3,C,
14902,Amazon,,火,攻擊,3,C,
14903,Amazon,,風,攻擊,3,C,
14904,Amazon,,光,攻擊,3,C,
14905,Amazon,,暗,攻擊,3,C,
26111,Amber,安柏,水,攻擊,5,A,
20615,Amduat,,暗,支援,4,B,
21511,Amelia,,水,體力,5,B,
21611,Amelia,,水,體力,5,B,
16111,Anavel,阿納貝爾,水,支援,5,S,
29611,Anders,,水,攻擊,5,B,
11713,Anduril,,風,攻擊,3,C,
11733,Anduril,,風,攻擊,3,B,
26813,Angela,安潔拉,風,支援,5,A,
14201,Angelmon,,水,素材,1,D,
14202,Angelmon,,火,素材,1,D,
14203,Angelmon,,風,素材,1,D,
14204,Angelmon,,光,素材,1,D,
14205,Angelmon,,暗,素材,1,D,
19312,Anne,,火,攻擊,3,C,
16312,Antares,,火,攻擊,4,B,
20401,Anubis,,水,攻擊,4,C,
20402,Anubis,,火,支援,4,C,
20403,Anubis,,風,攻擊,4,C,
20404,Anubis,,光,支援,4,C,
20405,Anubis,,暗,體力,5,B,
19511,Aqcus,,水,攻擊,3,C,
18013,Aquila,,風,攻擊,4,B,
34603,Aragorn,,風,體力,4,C,
34613,Aragorn,,風,體力,4,B,
34604,Aragorn,,光,體力,4,C,
34614,Aragorn,,光,體力,4,B,
34601,Aragorn,,水,體力,5,B,
34611,Aragorn,,水,體力,5,B,
34602,Aragorn,,火,體力,5,B,
34612,Aragorn,,火,體力,5,B,
34605,Aragorn,,暗,體力,5,B,
34615,Aragorn,,暗,體力,5,A,
11213,Arang,,風,攻擊,4,B,
29814,Arcana,,光,支援,4,B,
34001,Arcane Weapon,,水,攻擊,5,B,
34002,Arcane Weapon,,火,支援,5,B,
34003,Arcane Weapon,,風,攻擊,5,B,
34004,Arcane Weapon,,光,體力,5,B,
34005,Arcane Weapon,,暗,攻擊,5,B,
17001,Archangel,,水,支援,5,A,
17002,Archangel,,火,支援,5,A,
17003,Archangel,,風,支援,5,B,
17004,Archangel,,光,支援,5,B,
17005,Archangel,,暗,防禦,5,A,
15413,Ardella,,風,攻擊,3,C,
34214,Arella,,光,支援,5,B,
14713,Argen,,風,攻擊,4,B,
13314,Aria,,光,攻擊,4,B,
26814,Ariana,,光,支援,5,B,
17011,Ariel,,水,支援,5,A,
10414,Arkajan,,光,防禦,2,D,
16212,Arnold,,火,體力,4,B,
23701,Art Master,,水,支援,5,S,
23702,Art Master,,火,支援,5,A,
23703,Art Master,,風,攻擊,5,B,
23704,Art Master,,光,攻擊,5,B,
23705,Art Master,,暗,支援,5,B,
17014,Artamiel,,光,支援,5,B,
34115,Asbolus,,暗,攻擊,4,B,
11815,Aschubel,,暗,攻擊,4,B,
28012,Ashour,,火,體力,5,B,
17914,Asima,,光,攻擊,5,B,
19901,Assassin,,水,攻擊,4,C,
19902,Assassin,,火,攻擊,4,C,
19903,Assassin,,風,攻擊,4,C,
19904,Assassin,,光,攻擊,4,C,
19905,Assassin,,暗,攻擊,4,C,
19812,Astar,,火,攻擊,4,B,
28213,Astrid,,風,支援,4,B,
28501,Asura,,水,攻擊,4,C,
28502,Asura,,火,攻擊,4,C,
28503,Asura,,風,攻擊,4,C,
28504,Asura,,光,攻擊,4,C,
28505,Asura,,暗,體力,4,C,
11612,Atenai,,火,支援,4,B,
26914,Audrey,,光,防禦,5,B,
28114,Aurelia,,光,支援,4,B,
20411,Avaris,,水,攻擊,4,B,
31202,Aya,,火,體力,4,B,
31212,Aya,,火,體力,4,B,
31205,Aya,,暗,攻擊,4,B,
31215,Aya,,暗,攻擊,4,B,
31201,Aya,,水,攻擊,5,B,
31211,Aya,,水,攻擊,5,B,
31203,Aya,,風,體力,5,B,
31213,Aya,,風,體力,5,B,
31204,Aya,,光,體力,5,B,
31214,Aya,,光,體力,5,B,
32501,Azure Dragon Swordsman,,水,攻擊,4,C,
32511,Azure Dragon Swordsman,,水,攻擊,4,B,
32505,Azure Dragon Swordsman,,暗,攻擊,4,C,
32515,Azure Dragon Swordsman,,暗,攻擊,4,B,
32502,Azure Dragon Swordsman,,火,攻擊,5,B,
32512,Azure Dragon Swordsman,,火,攻擊,5,B,
32503,Azure Dragon Swordsman,,風,攻擊,5,B,
32513,Azure Dragon Swordsman,,風,攻擊,5,B,
32504,Azure Dragon Swordsman,,光,攻擊,5,B,
32514,Azure Dragon Swordsman,,光,攻擊,5,B,
18514,Baekdu,,光,攻擊,3,C,
23112,Bael,,火,攻擊,5,B,
22411,Bagir,,水,防禦,3,C,
22014,Bailey,,光,攻擊,4,B,
22612,Baleygr,,火,攻擊,5,B,
23511,Barbara,,水,攻擊,5,B,
23611,Barbara,,水,攻擊,5,B,
18801,Barbaric King,,水,攻擊,4,C,
18802,Barbaric King,,火,攻擊,4,C,
18803,Barbaric King,,風,攻擊,4,B,
18804,Barbaric King,,光,攻擊,4,C,
18805,Barbaric King,,暗,攻擊,4,C,
11812,Baretta,,火,攻擊,4,S,
19413,Barque,,風,攻擊,4,B,
19015,Basalt,,暗,防禦,3,C,
20511,Bastet,,水,支援,5,B,
26101,Battle Angel,,水,攻擊,5,A,
26102,Battle Angel,,火,攻擊,5,B,
26103,Battle Angel,,風,攻擊,5,S,
26104,Battle Angel,,光,攻擊,5,A,
26105,Battle Angel,,暗,攻擊,5,B,
19001,Battle Mammoth,,水,體力,3,C,
19002,Battle Mammoth,,火,體力,3,C,
19003,Battle Mammoth,,風,防禦,3,C,
19004,Battle Mammoth,,光,體力,3,C,
19005,Battle Mammoth,,暗,防禦,3,C,
17601,Battle Scorpion,,水,防禦,2,D,
17602,Battle Scorpion,,火,防禦,2,D,
17603,Battle Scorpion,,風,防禦,2,D,
27511,Bayek,,水,支援,4,B,
27514,Bayek,,光,體力,4,B,
27512,Bayek,巴耶克,火,體力,5,B,
27513,Bayek,巴耶克,風,體力,5,B,
27515,Bayek,,暗,支援,5,B,
13701,Bearman,,水,體力,3,C,
13702,Bearman,,火,體力,3,C,
13703,Bearman,,風,攻擊,3,C,
13704,Bearman,,光,體力,3,B,
13705,Bearman,,暗,體力,3,C,
18501,Beast Hunter,,水,攻擊,3,C,
18502,Beast Hunter,,火,攻擊,3,C,
18503,Beast Hunter,,風,攻擊,3,C,
18504,Beast Hunter,,光,攻擊,3,C,
18505,Beast Hunter,,暗,攻擊,3,C,
17401,Beast Monk,,水,體力,5,A,
17402,Beast Monk,,火,體力,5,B,
17403,Beast Monk,,風,體力,5,B,
17404,Beast Monk,,光,體力,5,B,
17405,Beast Monk,,暗,體力,5,B,
23501,Beast Rider,,水,攻擊,5,B,
23601,Beast Rider,,水,攻擊,5,B,
23502,Beast Rider,,火,攻擊,5,B,
23602,Beast Rider,,火,攻擊,5,B,
23503,Beast Rider,,風,攻擊,5,B,
23603,Beast Rider,,風,攻擊,5,B,
23504,Beast Rider,,光,攻擊,5,B,
23604,Beast Rider,,光,攻擊,5,B,
23505,Beast Rider,,暗,攻擊,5,B,
23605,Beast Rider,,暗,攻擊,5,B,
23115,Beelzebub,別西卜,暗,攻擊,5,S,
32301,Beetle Guardian,,水,防禦,5,B,
32302,Beetle Guardian,,火,防禦,5,B,
32303,Beetle Guardian,,風,防禦,5,B,
32304,Beetle Guardian,,光,防禦,5,B,
32305,Beetle Guardian,,暗,防禦,5,B,
23111,Belial,,水,攻擊,5,B,
21915,Belita,,暗,攻擊,4,B,
22915,Bella,,暗,攻擊,5,A,
11014,Belladeon,,光,防禦,3,S,
11034,Belladeon,,光,防禦,3,S,
22212,Bellenus,,火,防禦,5,B,
22312,Bellenus,,火,防禦,5,B,
25714,Benedict,,光,攻擊,5,B,
24912,Berenice,,火,支援,4,B,
28214,Berghild,,光,攻擊,5,B,
18115,Bering,,暗,攻擊,4,B,
24612,Bernadotte,,火,攻擊,5,B,
11513,Bernard,,風,支援,3,S,
11533,Bernard,,風,支援,3,S,
17911,Beth,,水,攻擊,5,B,
15415,Bethony,,暗,攻擊,4,B,
19615,Betta,,暗,支援,4,B,
29714,Birgitta,,光,攻擊,5,B,
26011,Birman,,水,體力,4,B,
27001,Black Tea Bunny,,水,攻擊,4,C,
27002,Black Tea Bunny,,火,攻擊,4,C,
27003,Black Tea Bunny,,風,攻擊,4,C,
27004,Black Tea Bunny,,光,攻擊,4,C,
27005,Black Tea Bunny,,暗,攻擊,4,C,
32403,Black Tortoise Champion,,風,防禦,5,B,
32413,Black Tortoise Champion,,風,防禦,5,B,
24901,Blade Dancer,,水,攻擊,4,C,
24902,Blade Dancer,,火,支援,4,C,
24903,Blade Dancer,,風,攻擊,4,C,
24904,Blade Dancer,,光,攻擊,4,C,
24905,Blade Dancer,,暗,支援,4,C,
28612,Bloodya,布拉迪雅,火,攻擊,5,B,
14211,Blue Angelmon,,水,素材,1,D,
18211,Blue King Angelmon,,水,素材,1,D,
22611,Bolverk,布爾維克,水,體力,5,A,
26015,Bombay,,暗,體力,4,B,
22001,Boomerang Warrior,,水,攻擊,4,S,
22002,Boomerang Warrior,,火,攻擊,4,C,
22003,Boomerang Warrior,,風,攻擊,4,C,
22004,Boomerang Warrior,,光,攻擊,4,C,
22005,Boomerang Warrior,,暗,攻擊,4,C,
24711,Borgnine,,水,體力,5,B,
15601,Bounty Hunter,,水,攻擊,3,C,
15602,Bounty Hunter,,火,攻擊,3,C,
15603,Bounty Hunter,,風,攻擊,3,C,
15604,Bounty Hunter,,光,攻擊,3,C,
15605,Bounty Hunter,,暗,攻擊,3,C,
18912,Brandia,,火,攻擊,5,B,
10812,Bremis,,火,攻擊,2,D,
16213,Briand,,風,體力,4,B,
19414,Brig,,光,攻擊,4,B,
28211,Brita,,水,支援,5,B,
18001,Brownie Magician,,水,支援,4,C,
18002,Brownie Magician,,火,支援,4,C,
18003,Brownie Magician,,風,攻擊,4,C,
18004,Brownie Magician,,光,攻擊,4,C,
18005,Brownie Magician,,暗,支援,4,C,
20812,Bulldozer,,火,體力,3,C,
20832,Bulldozer,,火,體力,3,B,
17712,Burentau,,火,體力,3,C,
28913,Byungchul,,風,體力,5,B,
14715,Cadiz,加德斯,暗,攻擊,5,B,
10912,Cahule,,火,支援,2,D,
19515,Calicus,,暗,攻擊,3,C,
10315,Camaryn,,暗,攻擊,2,D,
10335,Camaryn,,暗,攻擊,2,D,
13811,Camilla,卡蜜拉,水,體力,5,B,
10815,Camules,,暗,攻擊,3,B,
22901,Cannon Girl,,水,攻擊,4,C,
22902,Cannon Girl,,火,攻擊,4,C,
22904,Cannon Girl,,光,攻擊,4,C,
22903,Cannon Girl,,風,攻擊,5,B,
22905,Cannon Girl,,暗,攻擊,5,A,
22713,Carbine,,風,攻擊,4,B,
22813,Carbine,,風,攻擊,4,B,
22712,Carcano,,火,攻擊,4,B,
22812,Carcano,,火,攻擊,4,B,
25712,Carlos,卡爾洛斯,火,攻擊,5,B,
30112,Carmella,,火,攻擊,4,B,
19412,Carrack,,火,攻擊,4,B,
19315,Cassie,,暗,攻擊,3,C,
24815,Cayde,,暗,防禦,4,B,
34011,Cecilia,,水,攻擊,5,B,
29915,Celestara,,暗,攻擊,5,B,
21414,Celia,,光,支援,5,B,
25813,Celine,,風,支援,4,B,
34101,Centaur Knight,,水,攻擊,4,C,
34102,Centaur Knight,,火,攻擊,4,C,
34103,Centaur Knight,,風,攻擊,4,C,
34104,Centaur Knight,,光,攻擊,4,C,
34105,Centaur Knight,,暗,攻擊,4,C,
14912,Ceres,,火,攻擊,3,B,
13215,Chacha,,暗,支援,2,D,
13235,Chacha and Friends,,暗,支援,2,D,
28313,Chakra,沙克拉,風,攻擊,5,B,
28413,Chakra,,風,攻擊,5,B,
21901,Chakram Dancer,,水,攻擊,4,C,
21902,Chakram Dancer,,火,攻擊,4,C,
21903,Chakram Dancer,,風,攻擊,4,C,
21904,Chakram Dancer,,光,攻擊,4,C,
21905,Chakram Dancer,,暗,攻擊,4,C,
11214,Chamie,,光,攻擊,4,B,
27013,Chamomile,,風,攻擊,4,B,
17411,Chandra,詹德拉,水,體力,5,A,
19501,Charger Shark,,水,攻擊,3,C,
19502,Charger Shark,,火,體力,3,C,
19503,Charger Shark,,風,體力,3,C,
19504,Charger Shark,,光,攻擊,3,C,
19505,Charger Shark,,暗,攻擊,3,C,
16113,Charlotte,夏洛特,風,攻擊,5,A,
18313,Chasun,,風,支援,4,S,
23713,Cheongpung,,風,攻擊,5,B,
10314,Cheryl,,光,支援,2,D,
10334,Cheryl,,光,支援,2,D,
13213,Chichi,,風,支援,2,D,
13233,Chichi and Friends,,風,支援,2,D,
20711,Chilling,,水,攻擊,4,A,
14601,Chimera,,水,攻擊,5,B,
14602,Chimera,,火,體力,5,B,
14603,Chimera,,風,攻擊,5,B,
14604,Chimera,,光,攻擊,5,B,
14605,Chimera,,暗,攻擊,5,B,
34114,Chiron,,光,攻擊,4,B,
18612,Chiwu,蚩尤,火,體力,5,B,
15312,Chloe,,火,支援,4,B,
27101,Choco Knight,,水,攻擊,4,C,
27102,Choco Knight,,火,攻擊,4,C,
27103,Choco Knight,,風,體力,4,C,
27104,Choco Knight,,光,攻擊,4,C,
27105,Choco Knight,,暗,體力,4,C,
16611,Chow,喬,水,體力,5,S,
15414,Chris,,光,攻擊,4,B,
22913,Christina,克莉絲汀,風,攻擊,5,B,
34014,Christine,,光,體力,5,B,
24411,CHUN-LI,,水,攻擊,4,B,
24412,CHUN-LI,,火,支援,4,B,
24413,CHUN-LI,,風,攻擊,4,B,
24414,CHUN-LI,,光,攻擊,4,B,
24415,CHUN-LI,,暗,支援,4,B,
19613,Cichlid,,風,支援,4,B,
29312,Ciri,,火,攻擊,4,B,
29315,Ciri,,暗,攻擊,4,B,
29311,Ciri,,水,攻擊,5,B,
29313,Ciri,,風,攻擊,5,B,
29314,Ciri,,光,攻擊,5,B,
26112,Claire,,火,攻擊,5,B,
13912,Clara,,火,攻擊,4,B,
25212,Coco,,火,攻擊,5,B,
10212,Cogma,,火,攻擊,2,D,
12112,Colleen,,火,支援,2,S,
12132,Colleen,,火,支援,2,S,
16214,Conrad,,光,攻擊,4,B,
16513,Copper,,風,防禦,3,C,
16533,Copper,,風,防禦,3,B,
24913,Cordelia,,風,攻擊,4,B,
22711,Covenant,,水,攻擊,4,B,
19301,Cow Girl,,水,攻擊,3,C,
19302,Cow Girl,,火,攻擊,3,C,
19303,Cow Girl,,風,攻擊,3,C,
19304,Cow Girl,,光,攻擊,3,S,
19305,Cow Girl,,暗,攻擊,3,C,
24714,Craig,克雷格,光,體力,5,A,
17915,Craka,克拉卡,暗,支援,5,B,
20813,Crane,,風,防禦,3,C,
20833,Crane,,風,防禦,3,B,
20815,Crawler,,暗,防禦,3,C,
20835,Crawler,,暗,防禦,3,B,
30101,Cyborg,,水,攻擊,4,C,
30102,Cyborg,,火,攻擊,4,C,
30103,Cyborg,,風,攻擊,4,C,
30104,Cyborg,,光,攻擊,4,C,
30105,Cyborg,,暗,攻擊,4,C,
34012,Cynthia,,火,支援,5,B,
10711,Dagora,,水,體力,3,B,
10731,Dagora,,水,體力,3,B,
13713,Dagorr,,風,攻擊,3,C,
10811,Daharenos,,水,攻擊,2,D,
33502,Daimon,,火,體力,5,B,
33512,Daimon,,火,體力,5,B,
34013,Daisy,,風,攻擊,5,B,
29015,Damee and Sapsaree,,暗,支援,4,B,
25314,Daniel,,光,攻擊,5,B,
28514,Danu,,光,攻擊,4,B,
21112,Daphnis,達佛涅斯,火,攻擊,5,S,
15214,Darion,,光,防禦,3,A,
15234,Darion,,光,防禦,3,A,
14215,Dark Angelmon,,暗,素材,1,D,
18215,Dark King Angelmon,,暗,素材,1,D,
16201,Death Knight,,水,支援,4,B,
16202,Death Knight,,火,體力,4,C,
16203,Death Knight,,風,體力,4,C,
16204,Death Knight,,光,攻擊,4,C,
16205,Death Knight,,暗,防禦,4,C,
25815,Deborah,,暗,支援,4,B,
11115,Decamaron,,暗,防禦,2,D,
11613,Delphoi,,風,支援,4,B,
23101,Demon,,水,攻擊,5,B,
23102,Demon,,火,攻擊,5,B,
23103,Demon,,風,體力,5,B,
23104,Demon,,光,體力,5,B,
23105,Demon,,暗,攻擊,5,S,
30712,Deragron,,火,攻擊,5,B,
20501,Desert Queen,,水,支援,5,B,
20502,Desert Queen,,火,支援,5,A,
20503,Desert Queen,,風,支援,5,A,
20504,Desert Queen,,光,支援,5,B,
20505,Desert Queen,,暗,支援,5,A,
28001,Desert Warrior,,水,支援,4,C,
28004,Desert Warrior,,光,體力,4,C,
28002,Desert Warrior,,火,體力,5,B,
28003,Desert Warrior,,風,體力,5,B,
28005,Desert Warrior,,暗,支援,5,B,
26115,Destiny,,暗,攻擊,5,B,
21914,Deva,,光,攻擊,4,B,
28315,Devaraja,德瓦拉賈,暗,體力,5,B,
28415,Devaraja,,暗,體力,5,B,
28601,Devil Maiden,,水,支援,5,A,
28602,Devil Maiden,,火,攻擊,5,B,
28603,Devil Maiden,,風,支援,5,S,
28604,Devil Maiden,,光,防禦,5,B,
28605,Devil Maiden,,暗,攻擊,5,B,
15105,Devilmon,,暗,素材,1,D,
17815,Devinodon,,暗,防禦,3,C,
24311,DHALSIM,,水,攻擊,4,B,
24312,DHALSIM,,火,支援,4,B,
24313,DHALSIM,,風,攻擊,4,B,
24314,DHALSIM,,光,支援,4,B,
24315,DHALSIM,,暗,防禦,4,B,
21513,Diana,黛安娜,風,體力,5,A,
21613,Diana,,風,體力,5,A,
16215,Dias,,暗,防禦,4,B,
21301,Dice Magician,,水,攻擊,4,B,
21302,Dice Magician,,火,攻擊,4,C,
21303,Dice Magician,,風,支援,4,C,
21304,Dice Magician,,光,支援,4,C,
21305,Dice Magician,,暗,支援,4,C,
28901,Dokkaebi Lord,,水,體力,5,B,
28902,Dokkaebi Lord,,火,體力,5,B,
28903,Dokkaebi Lord,,風,體力,5,B,
28904,Dokkaebi Lord,,光,體力,5,B,
28905,Dokkaebi Lord,,暗,體力,5,B,
29001,Dokkaebi Princess and Sapsaree,,水,支援,4,C,
29002,Dokkaebi Princess and Sapsaree,,火,支援,4,C,
29003,Dokkaebi Princess and Sapsaree,,風,支援,4,C,
29004,Dokkaebi Princess and Sapsaree,,光,支援,4,C,
29005,Dokkaebi Princess and Sapsaree,,暗,支援,4,C,
25713,Dominic,,風,攻擊,5,B,
18714,Dona,,光,支援,3,C,
23914,Dongbaek,,光,支援,4,B,
25214,Dorothy,,光,攻擊,5,B,
24512,Douglas,道格拉斯,火,攻擊,5,S,
25015,Douman,道滿,暗,支援,5,S,
21014,Dova,,光,支援,4,B,
18114,Dover,,光,攻擊,4,B,
35514,Dr. Albert,,光,攻擊,5,B,
35513,Dr. Christoph,,風,支援,5,B,
35511,Dr. Felix,,水,攻擊,5,B,
35512,Dr. Matteo,,火,支援,5,B,
35501,Dr. Plasma,,水,攻擊,5,B,
35502,Dr. Plasma,,火,支援,5,B,
35503,Dr. Plasma,,風,支援,5,B,
35504,Dr. Plasma,,光,攻擊,5,B,
35505,Dr. Plasma,,暗,支援,5,B,
35515,Dr. Richard,,暗,支援,5,B,
18012,Draco,,火,支援,4,B,
14401,Dragon,,水,防禦,5,A,
14402,Dragon,,火,攻擊,5,A,
14403,Dragon,,風,支援,5,A,
14404,Dragon,,光,體力,5,B,
14405,Dragon,,暗,攻擊,5,B,
16601,Dragon Knight,,水,體力,5,S,
16602,Dragon Knight,,火,攻擊,5,S,
16603,Dragon Knight,,風,支援,5,S,
16604,Dragon Knight,,光,體力,5,S,
16605,Dragon Knight,,暗,支援,5,A,
22715,Dragunov,,暗,攻擊,4,B,
22815,Dragunov,,暗,攻擊,4,B,
30701,Drakan Warrior,,水,防禦,5,B,
30702,Drakan Warrior,,火,攻擊,5,B,
30703,Drakan Warrior,,風,防禦,5,S,
30704,Drakan Warrior,,光,防禦,5,B,
30705,Drakan Warrior,,暗,攻擊,5,A,
30715,Drakar,德拉卡爾,暗,攻擊,5,A,
34213,Driana,,風,攻擊,5,B,
20814,Driller,,光,體力,3,C,
20834,Driller,,光,體力,3,B,
11715,Drogan,,暗,攻擊,3,C,
11735,Drogan,,暗,攻擊,3,B,
22201,Druid,,水,防禦,5,A,
22202,Druid,,火,防禦,5,B,
22203,Druid,,風,防禦,5,B,
22204,Druid,,光,體力,5,B,
22205,Druid,,暗,體力,5,B,
17201,Drunken Master,,水,攻擊,3,C,
17202,Drunken Master,,火,攻擊,3,C,
17203,Drunken Master,,風,攻擊,3,C,
17204,Drunken Master,,光,攻擊,3,C,
17205,Drunken Master,,暗,攻擊,3,C,
22101,Dryad,,水,支援,4,C,
22102,Dryad,,火,支援,4,C,
22103,Dryad,,風,支援,4,C,
22104,Dryad,,光,支援,4,C,
22105,Dryad,,暗,支援,4,C,
27804,Dual Blade,,光,攻擊,5,B,
20612,Duamutef,,火,防禦,4,B,
33804,Duke,,光,體力,4,C,
33814,Duke,,光,體力,4,B,
33805,Duke,,暗,體力,4,C,
33815,Duke,,暗,體力,4,B,
33801,Duke,,水,體力,5,B,
33811,Duke,,水,體力,5,B,
33802,Duke,,火,體力,5,B,
33812,Duke,,火,體力,5,B,
33803,Duke,,風,體力,5,B,
33813,Duke,,風,體力,5,B,
20715,Dusky,,暗,攻擊,4,B,
28314,Dyeus,,光,攻擊,5,B,
28414,Dyeus,,光,攻擊,5,B,
22414,Einheri,,光,防禦,4,B,
17713,Eintau,,風,體力,3,C,
23015,Eirgar,,暗,攻擊,5,B,
27712,Eivor,,火,體力,4,B,
27713,Eivor,,風,支援,4,B,
27711,Eivor,,水,支援,5,B,
27714,Eivor,埃沃爾,光,攻擊,5,B,
27715,Eivor,埃沃爾,暗,體力,5,A,
17013,Eladriel,,風,支援,5,B,
35301,Elder Horn,,水,攻擊,4,C,
35311,Elder Horn,,水,攻擊,4,B,
35305,Elder Horn,,暗,攻擊,4,C,
35315,Elder Horn,,暗,攻擊,4,B,
35302,Elder Horn,,火,攻擊,5,B,
35312,Elder Horn,,火,攻擊,5,B,
35303,Elder Horn,,風,攻擊,5,B,
35313,Elder Horn,,風,攻擊,5,B,
35304,Elder Horn,,光,攻擊,5,B,
35314,Elder Horn,,光,攻擊,5,B,
21514,Eleanor,艾雷諾,光,體力,5,A,
21614,Eleanor,,光,體力,5,A,
10801,Elemental,,水,攻擊,2,D,
10802,Elemental,,火,攻擊,2,D,
10803,Elemental,,風,攻擊,2,D,
10804,Elemental,,光,攻擊,3,C,
10805,Elemental,,暗,攻擊,3,C,
26815,Elena,,暗,支援,5,B,
28113,Eleni,,風,攻擊,5,B,
18914,Elenoa,,光,支援,5,B,
32313,Elephas,,風,防禦,5,B,
34015,Elise,,暗,攻擊,5,B,
16704,Elite Magical Archer,,光,攻擊,3,C,
30113,Eliza,,風,攻擊,4,B,
25614,Ella,艾爾拉,光,支援,5,B,
12011,Ellena,,水,攻擊,3,C,
12031,Ellena,,水,攻擊,3,B,
14911,Ellin,,水,攻擊,3,C,
11314,Elpuria,,光,體力,3,C,
19214,Elsharion,艾莎莉恩,光,攻擊,5,A,
10111,Elucia,,水,支援,3,C,
10131,Elucia,,水,支援,3,B,
11714,Eludain,,光,攻擊,3,C,
11734,Eludain,,光,攻擊,3,B,
14514,Eludia,埃魯迪亞,光,攻擊,5,B,
20911,Eluin,,水,攻擊,3,C,
20901,Elven Ranger,,水,攻擊,3,C,
20902,Elven Ranger,,火,支援,3,C,
20903,Elven Ranger,,風,攻擊,3,C,
20904,Elven Ranger,,光,攻擊,3,C,
20905,Elven Ranger,,暗,攻擊,4,C,
22914,Emily,,光,攻擊,4,B,
20111,Emma,,水,支援,4,B,
29912,Enshia,,火,攻擊,5,B,
15301,Epikion Priest,,水,支援,3,C,
15303,Epikion Priest,,風,支援,3,B,
15305,Epikion Priest,,暗,體力,3,C,
15302,Epikion Priest,,火,支援,4,C,
15304,Epikion Priest,,光,支援,4,C,
11814,Eredas,,光,體力,4,B,
30713,Ereshion,埃萊希翁,風,防禦,5,S,
11313,Ermeda,,風,體力,3,B,
20913,Erwin,,風,攻擊,3,C,
14014,Eshir,,光,體力,3,A,
14034,Eshir,伊休魯,光,體力,3,A,
26511,Espresso Cookie,,水,攻擊,4,B,
26512,Espresso Cookie,,火,攻擊,4,B,
26513,Espresso Cookie,,風,攻擊,4,B,
26514,Espresso Cookie,,光,攻擊,4,B,
26515,Espresso Cookie,,暗,攻擊,4,B,
17913,Ethna,艾德娜,風,攻擊,5,A,
28914,Euldong,,光,體力,5,B,
29014,Eunbee and Sapsaree,,光,支援,4,B,
13914,Eva,,光,攻擊,4,B,
27915,Evan,,暗,攻擊,4,B,
27413,Ezio,,風,攻擊,4,B,
27415,Ezio,,暗,攻擊,4,B,
27411,Ezio,,水,攻擊,5,B,
27412,Ezio,,火,攻擊,5,B,
27414,Ezio,,光,攻擊,5,B,
15812,Fairo,,火,攻擊,3,C,
10103,Fairy,,風,支援,2,D,
10105,Fairy,,暗,攻擊,2,D,
10101,Fairy,,水,支援,3,C,
10102,Fairy,,火,攻擊,3,C,
10104,Fairy,,光,支援,3,C,
21101,Fairy King,,水,攻擊,5,B,
21102,Fairy King,,火,攻擊,5,S,
21103,Fairy King,,風,支援,5,A,
21104,Fairy King,,光,攻擊,5,B,
21105,Fairy King,,暗,支援,5,A,
19104,Fairy Queen,,光,支援,3,S,
16714,Fami,,光,攻擊,3,C,
11312,Fao,,火,體力,3,B,
28112,Federica,,火,攻擊,5,B,
16211,Fedora,,水,支援,4,B,
17315,Fei,,暗,攻擊,4,B,
22114,Felleria,,光,支援,4,B,
21213,Feng Yan,,風,防禦,5,A,
17015,Fermion,,暗,防禦,5,A,
35802,Fern,,火,攻擊,4,C,
35812,Fern,,火,攻擊,4,B,
35805,Fern,,暗,攻擊,4,C,
35815,Fern,,暗,攻擊,4,B,
35801,Fern,,水,攻擊,5,B,
35811,Fern,,水,攻擊,5,B,
35803,Fern,,風,攻擊,5,B,
35813,Fern,,風,攻擊,5,B,
35804,Fern,,光,攻擊,5,B,
35814,Fern,,光,攻擊,5,B,
13414,Figaro,,光,體力,4,B,
29715,Fiona,,暗,攻擊,4,B,
12301,Forest Keeper,,水,防禦,1,D,
12302,Forest Keeper,,火,防禦,1,D,
12303,Forest Keeper,,風,防禦,1,D,
19114,Fran,,光,支援,3,S,
20801,Frankenstein,,水,防禦,3,C,
20802,Frankenstein,,火,體力,3,C,
20803,Frankenstein,,風,防禦,3,C,
20804,Frankenstein,,光,體力,3,C,
20805,Frankenstein,,暗,防禦,3,C,
27814,Frederic,,光,攻擊,5,B,
11912,Fria,,火,支援,4,B,
30714,Fridrion,,光,防禦,5,B,
35701,Frieren,,水,攻擊,5,B,
35711,Frieren,,水,攻擊,5,B,
35702,Frieren,,火,攻擊,5,B,
35712,Frieren,,火,攻擊,5,B,
35703,Frieren,,風,攻擊,5,B,
35713,Frieren,,風,攻擊,5,B,
35704,Frieren,,光,攻擊,5,B,
35714,Frieren,,光,攻擊,5,B,
35705,Frieren,,暗,攻擊,5,B,
35715,Frieren,,暗,攻擊,5,B,
19415,Frigate,,暗,支援,4,B,
34301,Frodo,,水,支援,5,B,
34311,Frodo,,水,支援,5,B,
16313,Fuco,,風,體力,4,B,
27114,Fudge,,光,攻擊,4,B,
25113,Fuuki,,風,體力,4,B,
10211,Fynn,,水,攻擊,2,D,
19411,Galleon,,水,體力,4,S,
10613,Gamir,,風,攻擊,2,D,
10633,Gamir,,風,攻擊,2,D,
27111,Ganache,,水,攻擊,4,B,
34401,Gandalf,,水,支援,5,B,
34411,Gandalf,,水,支援,5,A,
34402,Gandalf,,火,支援,5,B,
34412,Gandalf,,火,支援,5,B,
34403,Gandalf,,風,支援,5,B,
34413,Gandalf,,風,支援,5,B,
34404,Gandalf,,光,支援,5,B,
34414,Gandalf,,光,支援,5,B,
34405,Gandalf,,暗,攻擊,5,B,
34415,Gandalf,,暗,攻擊,5,B,
18511,Gangchun,,水,攻擊,3,C,
21113,Ganymede,卡尼魅德,風,支援,5,A,
28915,Gapsoo,甲秀,暗,體力,5,B,
23301,Gargoyle,,水,防禦,4,C,
23302,Gargoyle,,火,防禦,4,C,
23303,Gargoyle,,風,防禦,4,C,
23304,Gargoyle,,光,防禦,4,C,
23305,Gargoyle,,暗,防禦,4,C,
13512,Garo,,火,攻擊,4,B,
14012,Garoche,,火,體力,3,B,
14032,Garoche,,火,體力,3,B,
10215,Garok,,暗,攻擊,2,D,
10901,Garuda,,水,支援,2,S,
10902,Garuda,,火,支援,2,D,
10903,Garuda,,風,支援,2,D,
10905,Garuda,,暗,支援,2,D,
10904,Garuda,,光,支援,3,C,
22614,Geldnir,,光,體力,5,B,
18014,Gemini,,光,攻擊,4,B,
14812,Geoffrey,,火,防禦,3,C,
29211,Geralt,,水,攻擊,5,B,
29212,Geralt,,火,攻擊,5,B,
29213,Geralt,,風,體力,5,B,
29214,Geralt,,光,攻擊,5,B,
29215,Geralt,,暗,體力,5,B,
12701,Ghost,,水,支援,1,D,
12702,Ghost,,火,支援,1,D,
12703,Ghost,,風,支援,1,D,
12705,Ghost,,暗,支援,1,D,
15715,Giana,吉娜,暗,攻擊,5,S,
22401,Giant Warrior,,水,防禦,3,C,
22402,Giant Warrior,,火,防禦,3,C,
22403,Giant Warrior,,風,體力,4,C,
22503,Giant Warrior,,風,體力,4,C,
22404,Giant Warrior,,光,防禦,4,C,
22405,Giant Warrior,,暗,體力,4,C,
22505,Giant Warrior,,暗,體力,4,C,
32311,Gideon,吉迪恩,水,防禦,5,B,
18411,Gildong,,水,攻擊,4,B,
13514,Gin,,光,攻擊,4,B,
15915,Gina,,暗,攻擊,3,C,
15935,Gina,,暗,攻擊,3,B,
26213,GingerBrave,,風,攻擊,5,B,
25013,Giou,祇王,風,支援,5,B,
26915,Giselle,,暗,防禦,5,B,
28101,Gladiatrix,,水,支援,4,C,
28104,Gladiatrix,,光,支援,4,C,
28102,Gladiatrix,,火,攻擊,5,B,
28103,Gladiatrix,,風,攻擊,5,B,
28105,Gladiatrix,,暗,攻擊,5,B,
17814,Glinodon,,光,防禦,3,C,
14213,Gold Angelmon,,風,素材,1,D,
18213,Gold King Angelmon,,風,素材,1,D,
11401,Golem,,水,防禦,3,C,
11402,Golem,,火,防禦,3,C,
11403,Golem,,風,防禦,3,C,
11404,Golem,,光,防禦,3,C,
11405,Golem,,暗,防禦,3,C,
34801,Gollum,,水,攻擊,4,C,
34811,Gollum,,水,攻擊,4,B,
34802,Gollum,,火,攻擊,4,C,
34812,Gollum,,火,攻擊,4,B,
34803,Gollum,,風,攻擊,4,C,
34813,Gollum,,風,攻擊,4,B,
34804,Gollum,,光,攻擊,4,C,
34814,Gollum,,光,攻擊,4,B,
34805,Gollum,,暗,攻擊,4,C,
34815,Gollum,,暗,攻擊,4,B,
10715,Gorgo,,暗,體力,2,D,
10735,Gorgo,,暗,體力,2,D,
19012,Granite,,火,體力,3,C,
16315,Grego,,暗,體力,4,B,
11501,Griffon,,水,體力,3,C,
11502,Griffon,,火,支援,3,A,
11503,Griffon,,風,支援,3,S,
11504,Griffon,,光,防禦,3,C,
11505,Griffon,,暗,防禦,3,C,
16001,Grim Reaper,,水,攻擊,3,A,
16002,Grim Reaper,,火,攻擊,3,A,
16003,Grim Reaper,,風,攻擊,3,C,
16004,Grim Reaper,,光,攻擊,3,C,
16005,Grim Reaper,,暗,攻擊,3,C,
29914,Groa,,光,支援,5,B,
14415,Grogen,,暗,攻擊,5,B,
11414,Groggo,,光,防禦,3,C,
31413,Gronn,,風,體力,4,B,
17714,Grotau,,光,體力,3,C,
13711,Gruda,,水,體力,3,C,
14115,Guillaume,,暗,攻擊,4,B,
18412,Gunpyeong,,火,攻擊,3,C,
24715,Gurkha,,暗,體力,5,B,
31713,Gyomei Himejima,,風,防禦,5,B,
30001,Hacker,,水,支援,5,B,
30002,Hacker,,火,支援,5,A,
30003,Hacker,,風,攻擊,5,B,
30004,Hacker,,光,支援,5,B,
30005,Hacker,,暗,支援,5,S,
23711,Haegang,海岡,水,支援,5,S,
13715,Haken,,暗,體力,3,C,
16314,Halphas,,光,防禦,4,B,
13515,Han,漢,暗,體力,5,B,
19313,Hannah,,風,攻擊,3,C,
18515,Hanra,,暗,攻擊,3,C,
23714,Hanwul,,光,攻擊,5,B,
21001,Harg,,水,支援,3,C,
21002,Harg,,火,支援,3,A,
21005,Harg,,暗,支援,3,C,
21003,Harg,,風,支援,4,C,
21004,Harg,,光,支援,4,C,
21412,Harmonia,,火,支援,4,B,
21401,Harp Magician,,水,支援,4,C,
21402,Harp Magician,,火,支援,4,C,
21403,Harp Magician,,風,支援,4,C,
21404,Harp Magician,,光,支援,5,B,
21405,Harp Magician,,暗,支援,5,S,
12101,Harpu,,水,支援,2,D,
12102,Harpu,,火,支援,2,S,
12103,Harpu,,風,支援,2,D,
12104,Harpu,,光,攻擊,3,C,
12105,Harpu,,暗,攻擊,3,C,
10501,Harpy,,水,攻擊,3,C,
10502,Harpy,,火,攻擊,3,C,
10503,Harpy,,風,攻擊,3,C,
10504,Harpy,,光,攻擊,3,C,
10505,Harpy,,暗,攻擊,3,C,
20513,Hathor,哈索爾,風,支援,5,A,
12815,Havana,,暗,支援,1,D,
30805,Hayato,,暗,攻擊,5,B,
30815,Hayato,,暗,攻擊,5,B,
27913,Hector,,風,攻擊,4,B,
33012,Heihachi Mishima,,火,體力,5,B,
24814,Hekerson,,光,支援,4,B,
21512,Helena,海倫娜,火,體力,5,B,
21612,Helena,,火,體力,5,B,
17901,Hell Lady,,水,攻擊,5,B,
17902,Hell Lady,,火,攻擊,5,B,
17903,Hell Lady,,風,攻擊,5,A,
17904,Hell Lady,,光,攻擊,5,B,
17905,Hell Lady,,暗,支援,5,B,
10515,Hellea,,暗,攻擊,3,C,
10601,Hellhound,,水,攻擊,2,D,
10602,Hellhound,,火,攻擊,2,D,
10603,Hellhound,,風,攻擊,2,D,
10604,Hellhound,,光,攻擊,2,D,
10605,Hellhound,,暗,攻擊,3,C,
16011,Hemos,,水,攻擊,3,A,
16031,Hemos,,水,攻擊,3,A,
29613,Henrik,,風,體力,5,B,
22111,Herne,,水,支援,4,B,
22615,Herteit,,暗,攻擊,5,B,
29813,Hexarina,,風,攻擊,4,B,
27012,Hibiscus,,火,攻擊,4,B,
12001,High Elemental,,水,攻擊,3,C,
12002,High Elemental,,火,攻擊,3,C,
12003,High Elemental,,風,攻擊,3,C,
12004,High Elemental,,光,支援,3,C,
12005,High Elemental,,暗,攻擊,3,C,
29815,Hilda,,暗,攻擊,5,B,
35601,Himmel,,水,攻擊,5,B,
35611,Himmel,,水,攻擊,5,B,
14913,Hina,,風,攻擊,3,C,
20214,Hiro,,光,體力,3,C,
16013,Hiva,,風,攻擊,3,C,
16033,Hiva,,風,攻擊,3,B,
26411,Hollyberry Cookie,,水,防禦,5,B,
26412,Hollyberry Cookie,,火,防禦,5,B,
26413,Hollyberry Cookie,,風,防禦,5,B,
26414,Hollyberry Cookie,,光,防禦,5,B,
26415,Hollyberry Cookie,,暗,防禦,5,B,
1000101,Homunculus(Attack),,水,攻擊,5,A,
1000111,Homunculus(Attack),,水,攻擊,5,A,
1000102,Homunculus(Attack),,火,攻擊,5,A,
1000112,Homunculus(Attack),,火,攻擊,5,A,
1000103,Homunculus(Attack),,風,攻擊,5,A,
1000113,Homunculus(Attack),,風,攻擊,5,A,
1000204,Homunculus(Support),,光,支援,5,A,
1000214,Homunculus(Support),,光,支援,5,A,
1000205,Homunculus(Support),,暗,支援,5,A,
1000215,Homunculus(Support),,暗,支援,5,A,
17312,Hong Hua,,火,體力,4,B,
23912,Hongyeon,,火,支援,4,B,
13001,Horned Frog,,水,體力,1,D,
13002,Horned Frog,,火,體力,1,D,
13003,Horned Frog,,風,體力,1,D,
13005,Horned Frog,,暗,體力,1,D,
20601,Horus,,水,支援,4,C,
20602,Horus,,火,防禦,4,C,
20603,Horus,,風,支援,4,C,
20605,Horus,,暗,支援,4,C,
20604,Horus,,光,防禦,5,B,
13201,Howl,,水,支援,2,D,
13202,Howl,,火,支援,2,D,
13203,Howl,,風,支援,2,D,
13204,Howl,,光,支援,2,D,
13205,Howl,,暗,支援,2,D,
18813,Hraesvelg,,風,攻擊,4,B,
18815,Hrungnir,,暗,攻擊,4,B,
17213,Huan,,風,攻擊,3,C,
14811,Huga,,水,攻擊,2,D,
15512,Hwa,,火,攻擊,4,B,
18414,Hwadam,,光,體力,4,B,
18312,Hwahee,,火,攻擊,4,B,
33212,Hwoarang,,火,攻擊,4,B,
33215,Hwoarang,,暗,攻擊,4,B,
33211,Hwoarang,,水,攻擊,5,B,
33213,Hwoarang,,風,攻擊,5,B,
33214,Hwoarang,花郎,光,攻擊,5,B,
22115,Hyanes,,暗,支援,4,B,
32314,Hyllus,,光,防禦,5,B,
26001,Hypnomeow,,水,體力,4,C,
26002,Hypnomeow,,火,體力,4,C,
26003,Hypnomeow,,風,體力,4,C,
26004,Hypnomeow,,光,體力,4,C,
26005,Hypnomeow,,暗,體力,4,C,
27914,Ian,,光,攻擊,5,B,
11915,Icares,,暗,攻擊,4,B,
11011,Icaru,,水,防禦,3,B,
11031,Icaru,,水,防禦,3,B,
11614,Icasha,,光,支援,4,B,
19201,Ifrit,,水,攻擊,5,S,
19202,Ifrit,,火,體力,5,S,
19203,Ifrit,,風,攻擊,5,A,
19204,Ifrit,,光,攻擊,5,A,
19205,Ifrit,,暗,支援,5,S,
17812,Igmanodon,,火,防禦,3,C,
19512,Ignicus,,火,體力,3,C,
20114,Illianna,,光,支援,4,B,
20613,Imesety,,風,支援,4,B,
10201,Imp,,水,攻擊,2,D,
10202,Imp,,火,攻擊,2,D,
10203,Imp,,風,攻擊,2,D,
10204,Imp,,光,攻擊,2,D,
10205,Imp,,暗,攻擊,2,D,
15801,Imp Champion,,水,攻擊,3,C,
15802,Imp Champion,,火,攻擊,3,C,
15803,Imp Champion,,風,防禦,3,C,
15804,Imp Champion,,光,防禦,3,C,
15805,Imp Champion,,暗,攻擊,3,C,
34123,Imperfect Centaur Knight,,風,攻擊,4,C,
21922,Imperfect Chakram Dancer,,火,攻擊,4,C,
29022,Imperfect Dokkaebi Princess and Sapsaree,,火,支援,4,C,
22123,Imperfect Dryad,,風,支援,4,C,
21422,Imperfect Harp Magician,,火,支援,4,C,
20621,Imperfect Horus,,水,支援,4,C,
13422,Imperfect Joker,,火,防禦,4,C,
17323,Imperfect Kung Fu Girl,,風,攻擊,4,C,
19823,Imperfect Magic Knight,,風,體力,4,C,
20121,Imperfect Neostone Agent,,水,支援,4,C,
11223,Imperfect Nine-tailed Fox,,風,攻擊,4,C,
13521,Imperfect Ninja,,水,攻擊,4,C,
25121,Imperfect Onimusha,,水,攻擊,4,C,
16921,Imperfect Samurai,,水,攻擊,4,C,
13322,Imperfect Succubus,,火,攻擊,4,C,
11822,Imperfect Sylph,,火,攻擊,4,S,
11621,Imperfect Undine,,水,支援,4,A,
14722,Imperfect Vampire,,火,攻擊,4,S,
14723,Imperfect Vampire,,風,攻擊,4,C,
28301,Indra,,水,防禦,5,B,
28302,Indra,,火,攻擊,5,B,
28303,Indra,,風,攻擊,5,B,
28304,Indra,,光,攻擊,5,B,
28305,Indra,,暗,體力,5,B,
11701,Inferno,,水,攻擊,3,C,
11702,Inferno,,火,攻擊,3,C,
11703,Inferno,,風,攻擊,3,C,
11704,Inferno,,光,攻擊,3,C,
11705,Inferno,,暗,攻擊,3,C,
32103,Inosuke Hashibira,,風,攻擊,4,C,
32113,Inosuke Hashibira,,風,攻擊,4,B,
32105,Inosuke Hashibira,,暗,攻擊,4,C,
32115,Inosuke Hashibira,嘴平伊之助,暗,攻擊,4,B,
32101,Inosuke Hashibira,,水,支援,5,B,
32111,Inosuke Hashibira,嘴平伊之助,水,支援,5,B,
32102,Inosuke Hashibira,,火,攻擊,5,B,
32112,Inosuke Hashibira,嘴平伊之助,火,攻擊,5,A,
32104,Inosuke Hashibira,,光,攻擊,5,B,
32114,Inosuke Hashibira,,光,攻擊,5,B,
11001,Inugami,,水,防禦,3,B,
11002,Inugami,,火,攻擊,3,B,
11003,Inugami,,風,防禦,3,C,
11004,Inugami,,光,防禦,3,S,
11005,Inugami,,暗,攻擊,3,S,
15314,Iona,,光,支援,4,B,
19814,Iris,,光,攻擊,4,B,
16512,Iron,,火,防禦,3,C,
16532,Iron,,火,防禦,3,B,
28611,Irène,伊瑞,水,支援,5,A,
19915,Isabelle,,暗,攻擊,4,B,
13315,Isael,,暗,攻擊,4,B,
10112,Iselia,,火,攻擊,3,C,
10132,Iselia,,火,攻擊,3,B,
20915,Isillen,,暗,攻擊,4,B,
20514,Isis,,光,支援,5,B,
20413,Iunu,,風,攻擊,4,B,
13311,Izaria,,水,攻擊,4,B,
14515,Jaara,,暗,攻擊,5,B,
20701,Jack-o'-lantern,,水,攻擊,4,A,
20702,Jack-o'-lantern,,火,攻擊,4,C,
20703,Jack-o'-lantern,,風,支援,4,C,
20704,Jack-o'-lantern,,光,攻擊,4,B,
20705,Jack-o'-lantern,,暗,攻擊,4,C,
20215,Jackie,,暗,防禦,3,C,
25315,Jackson,,暗,支援,5,B,
26913,Jade,潔德,風,防禦,5,B,
29115,Jaduel and Aepiah,賈德爾與阿皮亞,暗,支援,5,B,
16614,Jager,耶格,光,體力,5,S,
15615,Jamie,,暗,攻擊,3,C,
14413,Jamire,,風,支援,5,A,
14815,Janssen,,暗,體力,3,C,
14814,Jansson,,光,防禦,2,D,
24813,Jarrett,,風,攻擊,4,B,
27014,Jasmine,,光,攻擊,4,B,
14112,Jean,,火,攻擊,4,B,
21814,Jeanne,,光,體力,5,B,
23712,Jeogun,赤雲,火,支援,5,A,
28911,Jeongnam,正南,水,體力,5,B,
28614,Jessica,,光,防禦,5,B,
33111,Jin Kazama,,水,攻擊,4,B,
33114,Jin Kazama,,光,支援,4,B,
33112,Jin Kazama,風間 仁,火,體力,5,B,
33113,Jin Kazama,,風,攻擊,5,B,
33115,Jin Kazama,,暗,攻擊,5,B,
29811,Johanna,,水,攻擊,5,B,
25312,John,,火,攻擊,5,B,
13412,Jojo,,火,防禦,4,B,
13401,Joker,,水,攻擊,4,C,
13402,Joker,,火,防禦,4,C,
13403,Joker,,風,攻擊,4,S,
13404,Joker,,光,體力,4,B,
13405,Joker,,暗,攻擊,4,C,
21811,Josephine,喬瑟芬,水,體力,5,S,
15215,Jubelle,,暗,防禦,3,C,
15235,Jubelle,,暗,防禦,3,B,
14714,Julianne,朱麗安,光,攻擊,5,B,
13911,Julie,,水,攻擊,4,B,
14113,Julien,,風,攻擊,4,B,
14015,Jultan,,暗,體力,3,B,
14035,Jultan,,暗,體力,3,B,
12015,Jumaline,,暗,攻擊,3,C,
12035,Jumaline,,暗,攻擊,3,B,
16912,Jun,,火,攻擊,4,B,
15712,Juno,朱諾,火,支援,5,S,
34201,Justice,,水,支援,5,B,
34202,Justice,,火,支援,5,B,
34203,Justice,,風,攻擊,5,B,
34204,Justice,,光,支援,5,B,
34205,Justice,,暗,攻擊,5,B,
30011,K1D,,水,支援,5,B,
10514,Kabilla,,光,攻擊,3,C,
10311,Kacey,,水,支援,2,D,
10331,Kacey,,水,支援,2,D,
12012,Kahli,,火,攻擊,3,C,
12032,Kahli,,火,攻擊,3,B,
11511,Kahn,,水,體力,3,B,
11531,Kahn,,水,體力,3,B,
33601,Kai,,水,攻擊,4,C,
33611,Kai,,水,攻擊,4,B,
33604,Kai,,光,支援,4,C,
33614,Kai,,光,支援,4,B,
33602,Kai,,火,體力,5,B,
33612,Kai,,火,體力,5,B,
33603,Kai,,風,攻擊,5,B,
33613,Kai,,風,攻擊,5,B,
33605,Kai,,暗,攻擊,5,B,
33615,Kai,,暗,攻擊,5,B,
15212,Kai'en,,火,防禦,3,C,
15232,Kai'en,,火,防禦,3,B,
11111,Kaimann,,水,防禦,2,D,
16913,Kaito,,風,攻擊,4,B,
25112,Kaki,,火,攻擊,4,B,
28111,Kalantatze,,水,支援,4,B,
17715,Kamatau,,暗,體力,3,C,
11215,Kamiya,,暗,攻擊,4,B,
20315,Karakum,,暗,體力,3,C,
20015,Karl,,暗,攻擊,4,B,
24712,Karnal,卡納利,火,體力,5,B,
29112,Karuel and Lanoah,卡雷爾與拉諾亞,火,支援,5,B,
24513,Kashmir,,風,攻擊,5,B,
27611,Kassandra,,水,支援,4,B,
27614,Kassandra,,光,支援,4,B,
27612,Kassandra,卡珊卓,火,攻擊,5,A,
27613,Kassandra,,風,攻擊,5,B,
27615,Kassandra,卡珊卓,暗,攻擊,5,A,
13813,Katarina,,風,攻擊,5,A,
16911,Kaz,,水,攻擊,4,B,
24112,KEN,,火,攻擊,5,B,
17811,Kernodon,,水,防禦,3,C,
20412,Khmun,,火,支援,4,B,
28115,Kiara,,暗,攻擊,5,B,
25215,Kiki,,暗,支援,5,B,
18201,King Angelmon,,水,素材,1,D,
18202,King Angelmon,,火,素材,1,D,
18203,King Angelmon,,風,素材,1,D,
18204,King Angelmon,,光,素材,1,D,
18205,King Angelmon,,暗,素材,1,D,
25114,Kinki,,光,體力,4,B,
18101,Kobold Bomber,,水,攻擊,4,C,
18102,Kobold Bomber,,火,攻擊,4,C,
18103,Kobold Bomber,,風,攻擊,4,C,
18104,Kobold Bomber,,光,攻擊,4,C,
18105,Kobold Bomber,,暗,攻擊,4,C,
10911,Konamiya,,水,支援,2,S,
18015,Korona,,暗,支援,4,B,
27214,Kovarci,克巴洛西,光,支援,5,A,
11112,Krakdon,,火,防禦,3,C,
11015,Kro,,暗,攻擊,3,S,
11035,Kro,,暗,攻擊,3,S,
21015,Kroa,,暗,支援,3,B,
11412,Kugo,,火,防禦,3,C,
11411,Kuhn,,水,防禦,3,C,
10415,Kumae,,暗,體力,3,C,
17412,Kumar,,火,體力,5,B,
18715,Kuna,,暗,體力,3,C,
10411,Kunda,,水,防禦,2,D,
17301,Kung Fu Girl,,水,攻擊,4,C,
17302,Kung Fu Girl,,火,體力,4,C,
17303,Kung Fu Girl,,風,攻擊,4,C,
17304,Kung Fu Girl,,光,體力,4,C,
17305,Kung Fu Girl,,暗,攻擊,4,C,
13712,Kungen,,火,體力,3,B,
23312,Kunite,,火,防禦,4,B,
24811,Kyle,,水,攻擊,4,B,
14613,Lagmaron,,風,攻擊,5,B,
16612,Laika,萊卡,火,攻擊,5,S,
15714,Laima,萊瑪,光,支援,5,S,
13212,Lala,,火,支援,2,D,
13232,Lala and Friends,,火,支援,2,D,
31311,Lamiella,拉米埃拉,水,支援,5,A,
12812,Lamor,,火,支援,1,D,
19815,Lanett,,暗,防禦,4,B,
19811,Lapis,,水,攻擊,4,B,
24911,Lariel,,水,攻擊,4,B,
29614,Lars,,光,攻擊,5,B,
27015,Lavender,,暗,攻擊,4,B,
28613,Layla,莱拉,風,支援,5,S,
24914,Leah,,光,攻擊,4,B,
34701,Legolas,,水,攻擊,4,C,
34711,Legolas,,水,攻擊,4,B,
34705,Legolas,,暗,攻擊,4,C,
34715,Legolas,,暗,攻擊,4,B,
34702,Legolas,,火,攻擊,5,B,
34712,Legolas,,火,攻擊,5,B,
34703,Legolas,,風,攻擊,5,B,
34713,Legolas,,風,攻擊,5,B,
34704,Legolas,,光,攻擊,5,B,
34714,Legolas,,光,攻擊,5,B,
16613,Leo,雷奧,風,支援,5,S,
21815,Leona,,暗,防禦,5,B,
19912,Lexy,,火,攻擊,4,B,
25711,Liam,,水,攻擊,5,B,
16301,Lich,,水,支援,4,C,
16302,Lich,,火,攻擊,4,C,
16303,Lich,,風,體力,4,C,
16304,Lich,,光,防禦,4,C,
16305,Lich,,暗,體力,4,C,
13415,Liebli,,暗,攻擊,4,B,
14711,Liesel,,水,體力,4,B,
22601,Lightning Emperor,,水,體力,5,A,
22602,Lightning Emperor,,火,攻擊,5,B,
22603,Lightning Emperor,,風,攻擊,5,B,
22604,Lightning Emperor,,光,體力,5,B,
22605,Lightning Emperor,,暗,攻擊,5,B,
28615,Liliana,,暗,攻擊,5,B,
15914,Linda,,光,攻擊,3,C,
15934,Linda,,光,攻擊,3,B,
10913,Lindermen,,風,支援,2,D,
17313,Ling Ling,,風,攻擊,4,B,
27911,Lionel,,水,攻擊,5,B,
20112,Lisa,,火,支援,4,B,
17314,Liu Mei,,光,體力,4,B,
16501,Living Armor,,水,防禦,3,C,
16502,Living Armor,,火,防禦,3,C,
16503,Living Armor,,風,防禦,3,C,
16504,Living Armor,,光,防禦,3,C,
16505,Living Armor,,暗,防禦,3,C,
17801,Lizardman,,水,防禦,3,C,
17802,Lizardman,,火,防禦,3,C,
17803,Lizardman,,風,防禦,3,C,
17804,Lizardman,,光,防禦,3,C,
17805,Lizardman,,暗,防禦,3,C,
20213,Lo,,風,攻擊,3,B,
35401,Lob Ear,,水,攻擊,4,C,
35411,Lob Ear,,水,攻擊,4,B,
35402,Lob Ear,,火,攻擊,4,C,
35412,Lob Ear,,火,攻擊,4,B,
35403,Lob Ear,,風,攻擊,4,C,
35413,Lob Ear,,風,攻擊,4,B,
35404,Lob Ear,,光,攻擊,4,C,
35414,Lob Ear,,光,攻擊,4,B,
35405,Lob Ear,,暗,攻擊,4,C,
35415,Lob Ear,,暗,攻擊,4,B,
20013,Logan,,風,攻擊,4,B,
26703,Lollipop Warrior,,風,攻擊,5,B,
15815,Loque,,暗,攻擊,3,C,
16114,Lora,羅拉,光,體力,5,A,
28705,Lord of Hell,,暗,攻擊,5,B,
28715,Lord of Hell,,暗,攻擊,5,B,
19314,Loren,,光,攻擊,3,S,
30111,Lorenza,,水,攻擊,4,B,
14114,Louis,,光,支援,4,B,
21813,Louise,,風,支援,5,B,
12801,Low Elemental,,水,支援,1,D,
12802,Low Elemental,,火,支援,1,D,
12803,Low Elemental,,風,支援,1,D,
12804,Low Elemental,,光,支援,1,D,
12805,Low Elemental,,暗,支援,1,D,
20211,Luan,,水,防禦,3,C,
20014,Lucas,,光,攻擊,4,B,
10512,Lucasha,,火,攻擊,3,C,
26812,Lucia,露奇亞,火,支援,5,A,
20914,Lucien,,光,攻擊,3,C,
23114,Lucifer,路西法,光,體力,5,B,
21312,Ludo,,火,攻擊,4,B,
14111,Luer,,水,支援,4,B,
11113,Lukan,,風,防禦,2,D,
13211,Lulu,,水,支援,2,D,
13231,Lulu and Friends,,水,支援,2,D,
29911,Lumina,,水,支援,4,B,
11911,Lumirecia,,水,支援,4,B,
13915,Luna,,暗,攻擊,4,B,
19813,Lupinus,,風,體力,4,B,
10714,Lusha,,光,體力,3,C,
10734,Lusha,,光,體力,3,B,
13413,Lushen,,風,攻擊,4,S,
18915,Lydia,,暗,攻擊,5,B,
14914,Lyn,,光,攻擊,3,B,
24211,M. BISON,,水,體力,5,B,
24212,M. BISON,,火,體力,5,B,
24213,M. BISON,,風,體力,5,B,
24214,M. BISON,,光,體力,5,B,
24215,M. BISON,,暗,體力,5,B,
26901,Macaron Guard,,水,防禦,5,B,
26902,Macaron Guard,,火,防禦,5,B,
26903,Macaron Guard,,風,防禦,5,B,
26904,Macaron Guard,,光,防禦,5,B,
26905,Macaron Guard,,暗,防禦,5,B,
25814,Madeleine,,光,支援,4,B,
26611,Madeleine Cookie,,水,攻擊,4,B,
26612,Madeleine Cookie,,火,攻擊,4,B,
26613,Madeleine Cookie,,風,體力,4,B,
26614,Madeleine Cookie,,光,攻擊,4,B,
26615,Madeleine Cookie,,暗,體力,4,B,
25201,Mage,,水,支援,5,B,
25202,Mage,,火,攻擊,5,B,
25203,Mage,,風,攻擊,5,B,
25204,Mage,,光,攻擊,5,B,
25205,Mage,,暗,支援,5,B,
11415,Maggi,,暗,防禦,3,C,
19801,Magic Knight,,水,攻擊,4,C,
19802,Magic Knight,,火,攻擊,4,B,
19803,Magic Knight,,風,體力,4,C,
19804,Magic Knight,,光,攻擊,4,C,
19805,Magic Knight,,暗,防禦,4,C,
29901,Magic Order Elementalist,,水,支援,4,C,
29903,Magic Order Elementalist,,風,支援,4,C,
29902,Magic Order Elementalist,,火,攻擊,5,B,
29904,Magic Order Elementalist,,光,支援,5,B,
29905,Magic Order Elementalist,,暗,攻擊,5,B,
29803,Magic Order Enchantress,,風,攻擊,4,C,
29804,Magic Order Enchantress,,光,支援,4,C,
29801,Magic Order Enchantress,,水,攻擊,5,B,
29802,Magic Order Enchantress,,火,支援,5,B,
29805,Magic Order Enchantress,,暗,攻擊,5,B,
29601,Magic Order Guardian,,水,攻擊,5,B,
29602,Magic Order Guardian,,火,攻擊,5,B,
29603,Magic Order Guardian,,風,體力,5,B,
29604,Magic Order Guardian,,光,攻擊,5,B,
29605,Magic Order Guardian,,暗,體力,5,B,
29702,Magic Order Swordsinger,,火,攻擊,4,C,
29705,Magic Order Swordsinger,,暗,攻擊,4,C,
29701,Magic Order Swordsinger,,水,攻擊,5,B,
29703,Magic Order Swordsinger,,風,攻擊,5,B,
29704,Magic Order Swordsinger,,光,攻擊,5,B,
15401,Magical Archer,,水,攻擊,3,C,
15402,Magical Archer,,火,攻擊,3,C,
15403,Magical Archer,,風,攻擊,3,C,
15404,Magical Archer,,光,攻擊,4,C,
15405,Magical Archer,,暗,攻擊,4,C,
22714,Magnum,,光,攻擊,4,B,
29612,Magnus,,火,攻擊,5,B,
18111,Malaka,,水,攻擊,4,B,
23313,Malite,,風,防禦,4,C,
19715,Manannan,,暗,攻擊,5,B,
12501,Maned Boar,,水,體力,2,D,
12502,Maned Boar,,火,體力,2,D,
12503,Maned Boar,,風,體力,2,D,
26911,Manon,,水,防禦,5,B,
11315,Mantura,,暗,體力,3,C,
26012,Manx,,火,體力,4,B,
17211,Mao,,水,攻擊,3,C,
14915,Mara,,暗,攻擊,3,C,
19014,Marble,,光,體力,3,C,
20201,Martial Artist,,水,防禦,3,C,
20202,Martial Artist,,火,防禦,3,C,
20203,Martial Artist,,風,攻擊,3,C,
20204,Martial Artist,,光,體力,3,C,
20205,Martial Artist,,暗,防禦,3,C,
15001,Martial Cat,,水,攻擊,3,C,
15002,Martial Cat,,火,體力,3,C,
15003,Martial Cat,,風,攻擊,3,C,
15004,Martial Cat,,光,體力,3,C,
15005,Martial Cat,,暗,攻擊,3,C,
22015,Martina,,暗,攻擊,4,B,
22012,Maruna,,火,攻擊,4,B,
23512,Masha,瑪莎,火,攻擊,5,B,
23612,Masha,,火,攻擊,5,B,
18713,Mav,,風,體力,3,B,
25715,Maximilian,瑪西密里恩,暗,攻擊,5,A,
25615,Maya,,暗,支援,5,B,
28511,Mayasura,,水,攻擊,4,B,
15911,Megan,,水,支援,3,A,
15931,Megan,,水,支援,3,A,
30511,Megumi Fushiguro,,水,支援,4,B,
30514,Megumi Fushiguro,,光,支援,4,B,
30512,Megumi Fushiguro,伏黑 惠,火,支援,5,S,
30513,Megumi Fushiguro,,風,支援,5,B,
30515,Megumi Fushiguro,伏黑 惠,暗,支援,5,B,
15012,Mei,,火,體力,3,C,
15032,Mei,,火,體力,3,B,
16812,Mei Hou Wang,美猴王,火,防禦,5,A,
21913,Melissa,,風,攻擊,4,B,
22113,Mellia,,風,支援,4,B,
23113,Mephisto,,風,體力,5,B,
28202,Mercenary Queen,,火,體力,4,C,
28203,Mercenary Queen,,風,支援,4,C,
28201,Mercenary Queen,,水,支援,5,B,
28204,Mercenary Queen,,光,攻擊,5,B,
28205,Mercenary Queen,,暗,體力,5,B,
19601,Mermaid,,水,支援,4,A,
19602,Mermaid,,火,支援,4,C,
19603,Mermaid,,風,支援,4,C,
19604,Mermaid,,光,支援,4,C,
19605,Mermaid,,暗,支援,4,C,
21215,Mi Ying,秘影,暗,攻擊,5,B,
15313,Michelle,,風,支援,3,B,
11914,Mihael,,光,支援,4,B,
15015,Miho,,暗,攻擊,3,B,
15035,Miho,,暗,攻擊,3,B,
18311,Mihyang,,水,支援,4,B,
11611,Mikene,,水,支援,4,A,
25311,Miles,麥爾斯,水,支援,5,B,
12901,Mimic,,水,防禦,1,D,
12902,Mimic,,火,防禦,1,D,
12903,Mimic,,風,防禦,1,D,
12905,Mimic,,暗,防禦,1,D,
18814,Mimirr,,光,攻擊,4,B,
15011,Mina,,水,攻擊,3,C,
15031,Mina,,水,攻擊,3,B,
25911,Minato,米納托,水,攻擊,5,A,
29011,Minji and Sapsaree,,水,支援,4,B,
17701,Minotauros,,水,體力,3,C,
17702,Minotauros,,火,體力,3,C,
17703,Minotauros,,風,體力,3,C,
17704,Minotauros,,光,體力,3,C,
17705,Minotauros,,暗,體力,3,C,
25812,Miriam,,火,支援,4,B,
23915,Mirinae,,暗,支援,4,B,
29114,Miruel and Graciah,米雷爾與格拉西亞,光,支援,5,B,
17501,Mischievous Bat,,水,攻擊,2,D,
17502,Mischievous Bat,,火,攻擊,2,D,
17503,Mischievous Bat,,風,攻擊,2,D,
20714,Misty,有霧,光,攻擊,4,B,
21211,Mo Long,黙龍,水,體力,5,B,
19614,Molly,,光,支援,4,B,
25213,Momo,,風,攻擊,5,B,
16801,Monkey King,,水,攻擊,5,S,
16802,Monkey King,,火,防禦,5,A,
16803,Monkey King,,風,體力,5,A,
16804,Monkey King,,光,支援,5,B,
16805,Monkey King,,暗,體力,5,A,
12601,Monster Flower,,水,體力,2,D,
12602,Monster Flower,,火,體力,2,D,
12603,Monster Flower,,風,體力,2,D,
12605,Monster Flower,,暗,體力,2,D,
21315,Monte,,暗,支援,4,B,
28912,Moogwang,,火,體力,5,B,
23715,Mookwol,,暗,支援,5,B,
24511,Moore,摩爾,水,攻擊,5,A,
12013,Moria,,風,攻擊,3,C,
12033,Moria,,風,攻擊,3,B,
31411,Mork,,水,體力,4,B,
21313,Morris,,風,支援,4,B,
31314,Mortera,,光,支援,5,B,
20301,Mummy,,水,體力,3,C,
20302,Mummy,,火,體力,3,C,
20303,Mummy,,風,體力,3,C,
20304,Mummy,,光,體力,3,C,
20305,Mummy,,暗,體力,3,C,
12401,Mushroom,,水,攻擊,1,D,
12402,Mushroom,,火,攻擊,1,D,
12403,Mushroom,,風,攻擊,1,D,
15901,Mystic Witch,,水,支援,3,A,
15902,Mystic Witch,,火,支援,3,C,
15903,Mystic Witch,,風,攻擊,3,C,
15904,Mystic Witch,,光,攻擊,3,C,
15905,Mystic Witch,,暗,攻擊,3,C,
30015,N1X,,暗,支援,5,S,
18712,Naki,,火,體力,3,B,
20313,Namib,,風,體力,3,C,
25211,Nana,娜娜,水,支援,5,B,
18512,Nangrim,,火,攻擊,3,C,
15013,Naomi,,風,攻擊,3,B,
15033,Naomi,,風,攻擊,3,B,
23514,Narsha,娜瑞莎,光,攻擊,5,B,
23614,Narsha,,光,攻擊,5,B,
19914,Natalie,,光,攻擊,4,B,
10114,Neal,,光,支援,3,C,
10134,Neal,,光,支援,3,B,
26013,Nebelung,,風,體力,4,B,
20101,Neostone Agent,,水,支援,4,C,
20102,Neostone Agent,,火,支援,4,B,
20103,Neostone Agent,,風,支援,4,C,
20104,Neostone Agent,,光,支援,4,C,
20105,Neostone Agent,,暗,支援,5,B,
20001,Neostone Fighter,,水,攻擊,4,B,
20002,Neostone Fighter,,火,攻擊,4,C,
20003,Neostone Fighter,,風,攻擊,4,C,
20004,Neostone Fighter,,光,攻擊,4,C,
20005,Neostone Fighter,,暗,攻擊,4,C,
20515,Nephthys,奈芙蒂斯,暗,支援,5,A,
34211,Neriope,,水,支援,5,B,
31913,Nezuko Kamado,,風,支援,4,B,
32013,Nezuko Kamado,,風,支援,4,B,
31914,Nezuko Kamado,,光,攻擊,4,B,
32014,Nezuko Kamado,,光,攻擊,4,B,
31911,Nezuko Kamado,,水,體力,5,B,
32011,Nezuko Kamado,,水,體力,5,B,
31912,Nezuko Kamado,竈門禰豆子,火,支援,5,B,
32012,Nezuko Kamado,,火,支援,5,B,
31915,Nezuko Kamado,竈門禰豆子,暗,支援,5,B,
32015,Nezuko Kamado,,暗,支援,5,B,
16511,Nickel,,水,防禦,3,C,
16531,Nickel,,水,防禦,3,B,
16115,Nicki,,暗,攻擊,5,B,
35203,Night Fang,,風,體力,4,C,
35213,Night Fang,,風,體力,4,B,
35204,Night Fang,,光,體力,4,C,
35214,Night Fang,,光,體力,4,B,
35201,Night Fang,,水,體力,5,B,
35211,Night Fang,,水,體力,5,B,
35202,Night Fang,,火,體力,5,B,
35212,Night Fang,,火,體力,5,B,
35205,Night Fang,,暗,體力,5,B,
35215,Night Fang,,暗,體力,5,B,
18614,Nigong,,光,體力,5,B,
33412,Nina Williams,,火,攻擊,4,B,
33413,Nina Williams,,風,攻擊,4,B,
33411,Nina Williams,,水,支援,5,B,
33414,Nina Williams,妮娜·威廉斯,光,支援,5,B,
33415,Nina Williams,,暗,支援,5,B,
11201,Nine-tailed Fox,,水,攻擊,4,C,
11202,Nine-tailed Fox,,火,攻擊,4,C,
11203,Nine-tailed Fox,,風,攻擊,4,C,
11204,Nine-tailed Fox,,光,攻擊,4,C,
11205,Nine-tailed Fox,,暗,攻擊,4,C,
13501,Ninja,,水,攻擊,4,C,
13502,Ninja,,火,攻擊,4,C,
13503,Ninja,,風,體力,4,B,
13504,Ninja,,光,攻擊,4,C,
13505,Ninja,,暗,體力,5,B,
22112,Nisha,,火,支援,4,B,
30612,Nobara Kugisaki,,火,體力,4,B,
30615,Nobara Kugisaki,,暗,攻擊,4,B,
30611,Nobara Kugisaki,,水,攻擊,5,B,
30613,Nobara Kugisaki,釘崎 野薔薇,風,體力,5,S,
30614,Nobara Kugisaki,釘崎 野薔薇,光,體力,5,B,
29913,Nobella,,風,支援,4,B,
25612,Nora,,火,支援,5,B,
20311,Nubia,,水,體力,3,C,
21115,Nyx,尼克斯,暗,支援,5,A,
21114,Oberon,,光,攻擊,5,B,
16101,Occult Girl,,水,支援,5,S,
16102,Occult Girl,,火,攻擊,5,A,
16103,Occult Girl,,風,攻擊,5,A,
16104,Occult Girl,,光,體力,5,A,
16105,Occult Girl,,暗,攻擊,5,B,
22613,Odin,,風,攻擊,5,B,
19712,Okeanos,奧克阿諾斯,火,攻擊,5,A,
35001,Old Wood,,水,支援,5,B,
35011,Old Wood,,水,支援,5,B,
35002,Old Wood,,火,支援,5,B,
35012,Old Wood,,火,支援,5,B,
35003,Old Wood,,風,支援,5,B,
35013,Old Wood,,風,支援,5,B,
35004,Old Wood,,光,支援,5,B,
35014,Old Wood,,光,支援,5,B,
35114,Old Wood,,光,支援,5,B,
35005,Old Wood,,暗,攻擊,5,B,
35015,Old Wood,,暗,攻擊,5,B,
25313,Oliver,奧利佛,風,攻擊,5,S,
20113,Olivia,,風,支援,4,B,
19013,Olivine,,風,防禦,3,C,
28011,Omar,,水,支援,4,B,
25115,Ongyouki,隱形鬼,暗,攻擊,5,B,
25101,Onimusha,,水,攻擊,4,C,
25102,Onimusha,,火,攻擊,4,C,
25103,Onimusha,,風,體力,4,C,
25104,Onimusha,,光,體力,4,C,
25105,Onimusha,,暗,攻擊,5,B,
25001,Onmyouji,,水,支援,5,A,
25002,Onmyouji,,火,支援,5,B,
25003,Onmyouji,,風,支援,5,B,
25004,Onmyouji,,光,支援,5,S,
25005,Onmyouji,,暗,支援,5,S,
23315,Onyx,,暗,防禦,4,C,
21812,Ophilia,,火,體力,5,B,
15701,Oracle,,水,支援,5,A,
15702,Oracle,,火,支援,5,S,
15703,Oracle,,風,攻擊,5,S,
15704,Oracle,,光,支援,5,S,
15705,Oracle,,暗,攻擊,5,S,
18011,Orion,,水,支援,4,B,
13513,Orochi,,風,體力,4,B,
31313,Orphina,奧菲娜,風,支援,5,A,
21801,Paladin,,水,體力,5,S,
21802,Paladin,,火,體力,5,B,
21803,Paladin,,風,支援,5,B,
21804,Paladin,,光,體力,5,B,
21805,Paladin,,暗,防禦,5,B,
21201,Panda Warrior,,水,體力,5,B,
21202,Panda Warrior,,火,防禦,5,B,
21203,Panda Warrior,,風,防禦,5,A,
21204,Panda Warrior,,光,體力,5,A,
21205,Panda Warrior,,暗,攻擊,5,B,
15514,Pang,,光,攻擊,4,B,
28311,Parjanya,法爾扎尼亞,水,防禦,5,B,
28411,Parjanya,,水,防禦,5,B,
22215,Pater,派特爾,暗,體力,5,B,
22315,Pater,,暗,體力,5,B,
27912,Patrick,,火,攻擊,5,B,
33314,Paul Phoenix,,光,體力,4,B,
33315,Paul Phoenix,,暗,體力,4,B,
33311,Paul Phoenix,,水,體力,5,B,
33312,Paul Phoenix,保羅·菲尼克斯,火,體力,5,B,
33313,Paul Phoenix,,風,體力,5,B,
27112,Pavé,,火,攻擊,4,B,
18701,Penguin Knight,,水,攻擊,3,C,
18702,Penguin Knight,,火,體力,3,C,
18703,Penguin Knight,,風,體力,3,B,
18704,Penguin Knight,,光,支援,3,C,
18705,Penguin Knight,,暗,體力,3,C,
14512,Perna,,火,體力,5,A,
14101,Phantom Thief,,水,支援,4,C,
14102,Phantom Thief,,火,攻擊,4,C,
14103,Phantom Thief,,風,攻擊,4,C,
14104,Phantom Thief,,光,支援,4,C,
14105,Phantom Thief,,暗,攻擊,4,C,
23314,Phenaka,,光,防禦,4,B,
14501,Phoenix,,水,攻擊,5,S,
14502,Phoenix,,火,體力,5,A,
14503,Phoenix,,風,攻擊,5,B,
14504,Phoenix,,光,攻擊,5,B,
14505,Phoenix,,暗,攻擊,5,B,
34113,Pholus,,風,攻擊,4,B,
13901,Pierrette,,水,攻擊,4,C,
13902,Pierrette,,火,攻擊,4,C,
13903,Pierrette,,風,攻擊,4,C,
13904,Pierrette,,光,攻擊,4,C,
13905,Pierrette,,暗,攻擊,4,C,
15813,Pigma,,風,防禦,3,C,
19401,Pirate Captain,,水,體力,4,S,
19402,Pirate Captain,,火,攻擊,4,B,
19403,Pirate Captain,,風,攻擊,4,C,
19404,Pirate Captain,,光,攻擊,4,C,
19405,Pirate Captain,,暗,支援,4,C,
10301,Pixie,,水,支援,2,D,
10302,Pixie,,火,攻擊,2,D,
10303,Pixie,,風,支援,2,A,
10304,Pixie,,光,支援,2,D,
10305,Pixie,,暗,攻擊,2,D,
19612,Platy,,火,支援,4,B,
24801,Poison Master,,水,攻擊,4,C,
24802,Poison Master,,火,支援,4,C,
24803,Poison Master,,風,攻擊,4,C,
24804,Poison Master,,光,支援,4,C,
24805,Poison Master,,暗,防禦,4,C,
18901,Polar Queen,,水,攻擊,5,B,
18902,Polar Queen,,火,攻擊,5,B,
18903,Polar Queen,,風,支援,5,A,
18904,Polar Queen,,光,支援,5,B,
18905,Polar Queen,,暗,攻擊,5,B,
19714,Pontos,龐多斯,光,支援,5,B,
19711,Poseidon,,水,攻擊,5,B,
15711,Praha,,水,支援,5,A,
27113,Praline,,風,體力,4,B,
10513,Prilea,,風,攻擊,3,C,
10814,Priz,,光,攻擊,3,C,
16014,Prom,,光,攻擊,3,C,
16034,Prom,,光,攻擊,3,B,
21111,Psamathe,普薩瑪特,水,攻擊,5,B,
26801,Pudding Princess,,水,支援,5,A,
26802,Pudding Princess,,火,支援,5,A,
26803,Pudding Princess,,風,支援,5,A,
26804,Pudding Princess,,光,支援,5,B,
26805,Pudding Princess,,暗,支援,5,B,
18613,Pungbaek,,風,體力,5,B,
27201,Puppeteer,,水,支援,5,B,
27202,Puppeteer,,火,攻擊,5,B,
27203,Puppeteer,,風,攻擊,5,B,
27204,Puppeteer,,光,支援,5,A,
27205,Puppeteer,,暗,支援,5,A,
26311,Pure Vanilla Cookie,,水,支援,5,B,
26312,Pure Vanilla Cookie,,火,支援,5,B,
26313,Pure Vanilla Cookie,,風,支援,5,B,
26314,Pure Vanilla Cookie,,光,支援,5,B,
26315,Pure Vanilla Cookie,,暗,支援,5,B,
11711,Purian,,水,攻擊,3,C,
11731,Purian,,水,攻擊,3,B,
20611,Qebehsenuef,,水,支援,4,B,
32902,Qilin Slasher,,火,攻擊,4,C,
32912,Qilin Slasher,,火,攻擊,4,B,
32904,Qilin Slasher,,光,攻擊,4,C,
32914,Qilin Slasher,,光,攻擊,4,B,
32901,Qilin Slasher,,水,攻擊,5,B,
32911,Qilin Slasher,,水,攻擊,5,B,
32903,Qilin Slasher,,風,攻擊,5,B,
32913,Qilin Slasher,,風,攻擊,5,B,
32905,Qilin Slasher,,暗,攻擊,5,B,
32915,Qilin Slasher,,暗,攻擊,5,B,
16814,Qitian Dasheng,,光,支援,5,B,
21012,Racuni,拉庫尼,火,支援,3,A,
16615,Ragdoll,萊克多爾,暗,支援,5,A,
11413,Ragion,,風,防禦,3,C,
17415,Rahul,,暗,體力,5,B,
14314,Rainbowmon,,光,素材,1,D,
10413,Rakaja,,風,防禦,2,D,
14612,Rakan,,火,體力,5,B,
17912,Raki,,火,攻擊,5,B,
15501,Rakshasa,,水,攻擊,4,C,
15502,Rakshasa,,火,攻擊,4,C,
15503,Rakshasa,,風,攻擊,4,C,
15504,Rakshasa,,光,攻擊,4,C,
15505,Rakshasa,,暗,攻擊,4,C,
10213,Ralph,,風,攻擊,2,D,
29111,Ramael and Judiah,拉麥爾與朱迪亞,水,支援,5,B,
10713,Ramagos,,風,體力,2,S,
10733,Ramagos,,風,體力,2,S,
11013,Ramahan,,風,防禦,3,C,
11033,Ramahan,,風,防禦,3,B,
10511,Ramira,,水,攻擊,3,C,
31414,Ramon,,光,體力,4,B,
15515,Ran,,暗,攻擊,4,B,
15612,Randy,,火,攻擊,3,C,
11012,Raoq,,火,攻擊,3,B,
11032,Raoq,,火,攻擊,3,B,
15315,Rasheed,,暗,體力,3,C,
21013,Raviti,,風,支援,4,B,
15912,Rebecca,,火,支援,3,C,
15932,Rebecca,,火,支援,3,B,
14212,Red Angelmon,,火,素材,1,D,
18212,Red King Angelmon,,火,素材,1,D,
21011,Remy,,水,支援,3,C,
25912,Ren,,火,攻擊,5,B,
21311,Reno,里諾,水,攻擊,4,B,
31412,Rex,,火,體力,4,B,
29712,Reyka,,火,攻擊,4,B,
34111,Rhoetus,,水,攻擊,4,B,
16112,Rica,,火,攻擊,5,A,
31003,Rick,,風,攻擊,4,B,
31013,Rick,,風,攻擊,4,B,
31004,Rick,,光,攻擊,4,B,
31014,Rick,,光,攻擊,4,B,
31001,Rick,,水,攻擊,5,B,
31011,Rick,,水,攻擊,5,B,
31002,Rick,,火,攻擊,5,B,
31012,Rick,,火,攻擊,5,B,
31005,Rick,,暗,攻擊,5,B,
31015,Rick,,暗,攻擊,5,B,
16311,Rigel,,水,支援,4,B,
29711,Rigna,,水,攻擊,5,B,
25613,Riley,拉伊里,風,支援,5,A,
15311,Rina,,水,支援,3,C,
17413,Ritesh,,風,體力,5,B,
25915,Ritsu,,暗,攻擊,5,B,
10915,Rizak,,暗,支援,2,D,
30115,Roberta,,暗,攻擊,4,B,
25401,ROBO,,水,體力,4,C,
25402,ROBO,,火,支援,4,C,
25403,ROBO,,風,攻擊,4,B,
25404,ROBO,,光,體力,4,B,
25405,ROBO,,暗,攻擊,4,C,
25414,ROBO-E65,機械Q寶-E65,光,體力,4,B,
25415,ROBO-F29,,暗,攻擊,4,B,
25413,ROBO-G92,機械Q寶-G92,風,攻擊,4,B,
25412,ROBO-P27,,火,支援,4,B,
25411,ROBO-R40,,水,體力,4,B,
15613,Roger,,風,攻擊,3,C,
15213,Roid,,風,體力,2,D,
15233,Roid,,風,體力,2,D,
27011,Rosemary,,水,攻擊,4,B,
19514,Rumicus,,光,攻擊,3,C,
25801,Rune Blacksmith,,水,支援,4,C,
25802,Rune Blacksmith,,火,支援,4,C,
25803,Rune Blacksmith,,風,支援,4,C,
25804,Rune Blacksmith,,光,支援,4,C,
25805,Rune Blacksmith,,暗,支援,4,C,
20011,Ryan,,水,攻擊,4,B,
30215,Ryomen Sukuna,,暗,攻擊,5,B,
24011,RYU,,水,攻擊,5,B,
24012,RYU,,火,攻擊,5,B,
24013,RYU,,風,攻擊,5,B,
24014,RYU,,光,攻擊,5,B,
24015,RYU,,暗,攻擊,5,B,
22011,Sabrina,,水,攻擊,4,S,
29113,Sadiel and Zeryah,,風,支援,5,B,
24713,Sagar,薩格爾,風,體力,5,B,
18601,Sage,,水,體力,5,A,
18602,Sage,,火,體力,5,B,
18603,Sage,,風,體力,5,B,
18604,Sage,,光,體力,5,B,
18605,Sage,,暗,體力,5,A,
20314,Sahara,,光,體力,3,C,
28015,Salah,,暗,支援,5,B,
11101,Salamander,,水,防禦,2,D,
11103,Salamander,,風,防禦,2,D,
11104,Salamander,,光,防禦,2,D,
11105,Salamander,,暗,防禦,2,D,
11102,Salamander,,火,防禦,3,C,
12813,Samour,,風,支援,1,D,
16901,Samurai,,水,攻擊,4,C,
16902,Samurai,,火,攻擊,4,C,
16903,Samurai,,風,攻擊,4,C,
16904,Samurai,,光,攻擊,4,C,
16905,Samurai,,暗,攻擊,4,C,
13101,Sandman,,水,防禦,1,D,
13102,Sandman,,火,防禦,1,D,
13103,Sandman,,風,防禦,1,D,
13105,Sandman,,暗,防禦,1,D,
16012,Sath,,火,攻擊,3,A,
16032,Sath,,火,攻擊,3,A,
30311,Satoru Gojo,五條 悟,水,防禦,5,B,
30312,Satoru Gojo,,火,攻擊,5,B,
30313,Satoru Gojo,,風,防禦,5,B,
30314,Satoru Gojo,五條 悟,光,防禦,5,A,
30315,Satoru Gojo,五條 悟,暗,攻擊,5,S,
23513,Savannah,,風,攻擊,5,B,
23613,Savannah,,風,攻擊,5,B,
22912,Scarlett,,火,攻擊,4,B,
19701,Sea Emperor,,水,攻擊,5,B,
19702,Sea Emperor,,火,攻擊,5,A,
19703,Sea Emperor,,風,防禦,5,A,
19704,Sea Emperor,,光,支援,5,B,
19705,Sea Emperor,,暗,攻擊,5,B,
12113,Seal,,風,支援,2,D,
12133,Seal,,風,支援,2,D,
15713,Seara,塞阿拉,風,攻擊,5,S,
25014,Seimei,晴明,光,支援,5,S,
20512,Sekhmet,賽克邁特,火,支援,5,A,
13313,Selena,,風,攻擊,4,B,
19311,Sera,,水,攻擊,3,C,
12115,Seren,,暗,攻擊,3,C,
12135,Seren,,暗,攻擊,3,B,
11301,Serpent,,水,體力,3,C,
11302,Serpent,,火,體力,3,B,
11303,Serpent,,風,體力,3,C,
11304,Serpent,,光,體力,3,C,
11305,Serpent,,暗,體力,3,C,
24602,Shadow Claw,,火,攻擊,5,B,
25901,Shadowcaster,,水,攻擊,5,A,
25902,Shadowcaster,,火,攻擊,5,B,
25903,Shadowcaster,,風,支援,5,B,
25904,Shadowcaster,,光,支援,5,B,
25905,Shadowcaster,,暗,攻擊,5,B,
15814,Shaffron,,光,防禦,3,C,
28013,Shahat,,風,體力,5,B,
11311,Shailoq,,水,體力,3,B,
21912,Shaina,,火,攻擊,4,B,
14013,Shakan,,風,防禦,3,C,
14033,Shakan,,風,防禦,3,B,
11514,Shamann,,光,防禦,3,B,
11534,Shamann,,光,防禦,3,B,
10614,Shamar,,光,攻擊,2,D,
10634,Shamar,,光,攻擊,2,D,
14614,Shan,,光,攻擊,5,B,
10313,Shannon,,風,支援,2,A,
10333,Shannon,,風,支援,2,A,
11114,Sharman,,光,防禦,2,D,
15411,Sharron,,水,攻擊,3,C,
33902,Shasha,,火,攻擊,4,C,
33912,Shasha,,火,攻擊,4,B,
33903,Shasha,,風,攻擊,4,C,
33913,Shasha,,風,攻擊,4,B,
33901,Shasha,,水,支援,5,B,
33911,Shasha,,水,支援,5,B,
33904,Shasha,,光,支援,5,B,
33914,Shasha,,光,支援,5,B,
33905,Shasha,,暗,支援,5,B,
33915,Shasha,,暗,支援,5,B,
17414,Shazam,,光,體力,5,B,
16811,Shi Hou,齊天大聖,水,攻擊,5,S,
11212,Shihwa,,火,攻擊,4,B,
11813,Shimitae,,風,攻擊,4,B,
25011,Shizuka,玄佳,水,支援,5,A,
12014,Shren,,光,支援,3,B,
12034,Shren,,光,支援,3,B,
10615,Shumar,,暗,攻擊,3,C,
10635,Shumar,,暗,攻擊,3,B,
25914,Shun,,光,支援,5,B,
13214,Shushu,,光,支援,2,D,
13234,Shushu and Friends,,光,支援,2,D,
12114,Sia,,光,攻擊,3,C,
12134,Sia,,光,攻擊,3,B,
26014,Siamese,,光,體力,4,B,
13411,Sian,,水,攻擊,4,B,
10612,Sieq,,火,攻擊,2,D,
10632,Sieq,,火,攻擊,2,D,
16915,Sige,,暗,攻擊,4,B,
14511,Sigmarus,,水,攻擊,5,S,
28215,Sigrid,,暗,體力,5,B,
15913,Silia,,風,攻擊,3,C,
15933,Silia,,風,攻擊,3,B,
16514,Silver,,光,防禦,3,C,
16534,Silver,,光,防禦,3,B,
34901,Silver Tail,,水,支援,5,B,
34911,Silver Tail,,水,支援,5,B,
20212,Sin,,火,防禦,3,C,
12111,Sisroo,,水,支援,2,D,
12131,Sisroo,,水,支援,2,D,
22413,Skogul,,風,體力,4,B,
22513,Skogul,,風,體力,4,B,
16401,Skull Soldier,,水,防禦,2,D,
16402,Skull Soldier,,火,防禦,2,D,
16403,Skull Soldier,,風,防禦,2,D,
18301,Sky Dancer,,水,支援,4,C,
18302,Sky Dancer,,火,攻擊,4,C,
18303,Sky Dancer,,風,支援,4,S,
18304,Sky Dancer,,光,支援,5,A,
18305,Sky Dancer,,暗,攻擊,5,A,
25301,Sky Surfer,,水,支援,5,B,
25302,Sky Surfer,,火,攻擊,5,B,
25303,Sky Surfer,,風,攻擊,5,S,
25304,Sky Surfer,,光,攻擊,5,B,
25305,Sky Surfer,,暗,支援,5,B,
24701,Slayer,,水,體力,5,B,
24702,Slayer,,火,體力,5,B,
24703,Slayer,,風,體力,5,B,
24704,Slayer,,光,體力,5,A,
24705,Slayer,,暗,體力,5,B,
12201,Slime,,水,防禦,1,D,
12202,Slime,,火,防禦,1,D,
12203,Slime,,風,防禦,1,D,
27213,Smicer,斯米奇勒,風,攻擊,5,B,
20712,Smokey,,火,攻擊,4,B,
22701,Sniper Mk.I,,水,攻擊,4,C,
22702,Sniper Mk.I,,火,攻擊,4,C,
22802,Sniper Mk.I,,火,攻擊,4,C,
22703,Sniper Mk.I,,風,攻擊,4,C,
22803,Sniper Mk.I,,風,攻擊,4,C,
22704,Sniper Mk.I,,光,攻擊,4,C,
22705,Sniper Mk.I,,暗,攻擊,4,C,
22805,Sniper Mk.I,,暗,攻擊,4,C,
11211,Soha,,水,攻擊,4,B,
30711,Solvark,,水,防禦,5,B,
28212,Solveig,,火,體力,4,B,
16815,Son Zhang Lao,六耳獼猴,暗,體力,5,A,
23911,Songseol,,水,支援,4,B,
26113,Sonia,索妮亞,風,攻擊,5,S,
21411,Sonnet,,水,支援,4,B,
20312,Sonora,,火,體力,3,C,
13913,Sophia,,風,攻擊,4,B,
10115,Sorin,,暗,攻擊,2,D,
10135,Sorin,,暗,攻擊,2,D,
31301,Specter Princess,,水,支援,5,A,
31302,Specter Princess,,火,支援,5,B,
31303,Specter Princess,,風,支援,5,A,
31304,Specter Princess,,光,支援,5,B,
31305,Specter Princess,,暗,支援,5,S,
11512,Spectra,,火,支援,3,A,
11532,Spectra,,火,支援,3,A,
35901,Stark,,水,體力,4,C,
35911,Stark,,水,體力,4,B,
35904,Stark,,光,體力,4,C,
35914,Stark,,光,體力,4,B,
35902,Stark,,火,體力,5,B,
35912,Stark,,火,體力,5,B,
35903,Stark,,風,體力,5,B,
35913,Stark,,風,體力,5,B,
35905,Stark,,暗,體力,5,B,
35915,Stark,,暗,體力,5,B,
27903,Steel Commander,,風,攻擊,4,C,
27905,Steel Commander,,暗,攻擊,4,C,
27901,Steel Commander,,水,攻擊,5,B,
27902,Steel Commander,,火,攻擊,5,B,
27904,Steel Commander,,光,攻擊,5,B,
19911,Stella,,水,攻擊,4,B,
24501,Striker,,水,攻擊,5,A,
24502,Striker,,火,攻擊,5,S,
24503,Striker,,風,攻擊,5,B,
24504,Striker,,光,攻擊,5,B,
24505,Striker,,暗,攻擊,5,B,
23901,String Master,,水,支援,4,C,
23902,String Master,,火,支援,4,C,
23903,String Master,,風,支援,4,C,
23904,String Master,,光,支援,4,C,
23905,String Master,,暗,支援,4,C,
15511,Su,,水,攻擊,4,B,
13301,Succubus,,水,攻擊,4,C,
13302,Succubus,,火,攻擊,4,C,
13303,Succubus,,風,攻擊,4,C,
13304,Succubus,,光,攻擊,4,C,
13305,Succubus,,暗,攻擊,4,C,
25111,Suiki,,水,攻擊,4,B,
21714,Super Angelmon,,光,素材,1,D,
18513,Suri,,風,攻擊,3,C,
13601,Surprise Box,,水,防禦,2,D,
13602,Surprise Box,,火,防禦,2,D,
13603,Surprise Box,,風,防禦,2,D,
13604,Surprise Box,,光,防禦,2,D,
13605,Surprise Box,,暗,防禦,2,D,
18812,Surtr,,火,攻擊,4,B,
25811,Susan,,水,支援,4,B,
13511,Susano,,水,攻擊,4,B,
11801,Sylph,,水,攻擊,4,C,
11802,Sylph,,火,攻擊,4,S,
11803,Sylph,,風,攻擊,4,C,
11804,Sylph,,光,體力,4,C,
11805,Sylph,,暗,攻擊,4,C,
11901,Sylphid,,水,支援,4,B,
11902,Sylphid,,火,支援,4,C,
11903,Sylphid,,風,支援,4,C,
11904,Sylphid,,光,支援,4,C,
11905,Sylphid,,暗,攻擊,4,C,
20115,Sylvia,,暗,支援,5,B,
21314,Tablo,,光,支援,4,B,
33702,Taebaek,,火,攻擊,4,C,
33712,Taebaek,,火,攻擊,4,B,
33705,Taebaek,,暗,攻擊,4,C,
33715,Taebaek,,暗,攻擊,4,B,
33701,Taebaek,,水,攻擊,5,B,
33711,Taebaek,,水,攻擊,5,B,
33703,Taebaek,,風,攻擊,5,B,
33713,Taebaek,,風,攻擊,5,B,
33704,Taebaek,,光,攻擊,5,B,
33714,Taebaek,,光,攻擊,5,B,
11712,Tagaros,,火,攻擊,3,C,
11732,Tagaros,,火,攻擊,3,B,
10813,Taharus,,風,攻擊,2,D,
19011,Talc,,水,體力,3,C,
21911,Talia,,水,攻擊,4,B,
24514,Talisman,,光,攻擊,5,B,
31811,Tanjiro Kamado,,水,攻擊,4,B,
31815,Tanjiro Kamado,,暗,攻擊,4,B,
31812,Tanjiro Kamado,,火,攻擊,5,B,
31813,Tanjiro Kamado,,風,攻擊,5,B,
31814,Tanjiro Kamado,,光,攻擊,5,B,
10412,Tantra,,火,體力,2,D,
19913,Tanya,,風,攻擊,4,B,
23311,Tanzaite,,水,防禦,4,B,
18402,Taoist,,火,攻擊,3,C,
18405,Taoist,,暗,體力,3,A,
18401,Taoist,,水,攻擊,4,C,
18403,Taoist,,風,防禦,4,C,
18404,Taoist,,光,體力,4,C,
14611,Taor,,水,攻擊,5,B,
22213,Taranys,,風,防禦,5,B,
22313,Taranys,,風,防禦,5,B,
29812,Tarnisha,,火,支援,5,B,
10611,Tarq,,水,攻擊,2,D,
10631,Tarq,,水,攻擊,2,D,
10214,Taru,,光,攻擊,2,D,
10312,Tatu,,火,攻擊,2,D,
10332,Tatu,,火,攻擊,2,D,
18113,Taurus,,風,攻擊,4,B,
10914,Teon,,光,支援,3,C,
19212,Tesarion,泰莎麗恩,火,體力,5,S,
14513,Teshar,,風,攻擊,5,B,
19611,Tetra,,水,支援,4,A,
31101,Tetsuya,,水,支援,4,B,
31111,Tetsuya,,水,支援,4,B,
31104,Tetsuya,,光,支援,4,B,
31114,Tetsuya,,光,支援,4,B,
31102,Tetsuya,,火,支援,5,B,
31112,Tetsuya,,火,支援,5,B,
31103,Tetsuya,,風,支援,5,B,
31113,Tetsuya,,風,支援,5,B,
31105,Tetsuya,,暗,支援,5,B,
31115,Tetsuya,,暗,支援,5,B,
20415,Thebae,特貝,暗,體力,5,B,
31312,Theodora,,火,支援,5,B,
19211,Theomars,,水,攻擊,5,S,
34215,Theonia,,暗,攻擊,5,B,
26713,Thomas,,風,攻擊,5,B,
16015,Thrain,,暗,攻擊,3,C,
16035,Thrain,,暗,攻擊,3,B,
21214,Tian Lang,天狼,光,體力,5,A,
18913,Tiana,緹娜,風,支援,5,A,
17214,Tien Qin,,光,攻擊,3,C,
12811,Tigresse,,水,支援,1,D,
11615,Tilasha,,暗,支援,4,B,
29713,Tirsa,,風,攻擊,5,B,
32312,Tityus,,火,防禦,5,B,
24812,Todd,,火,支援,4,B,
18711,Toma,,水,攻擊,3,C,
31401,Tomb Warden,,水,體力,4,C,
31402,Tomb Warden,,火,體力,4,C,
31403,Tomb Warden,,風,體力,4,C,
31404,Tomb Warden,,光,體力,4,C,
31405,Tomb Warden,,暗,體力,4,C,
25012,Tomoe,智江,火,支援,5,B,
16914,Tosi,,光,攻擊,4,B,
25601,Totemist,,水,支援,5,B,
25602,Totemist,,火,支援,5,B,
25603,Totemist,,風,支援,5,A,
25604,Totemist,,光,支援,5,B,
25605,Totemist,,暗,支援,5,B,
20811,Tractor,,水,防禦,3,C,
20831,Tractor,,水,防禦,3,B,
22415,Trasar,,暗,體力,4,B,
22515,Trasar,,暗,體力,4,B,
20012,Trevor,,火,攻擊,4,B,
21413,Triana,,風,支援,4,B,
13815,Trinity,特裡妮蒂,暗,體力,5,B,
29511,Triss,,水,支援,4,B,
29513,Triss,,風,支援,4,B,
29512,Triss,,火,攻擊,5,B,
29514,Triss,,光,支援,5,B,
29515,Triss,,暗,攻擊,5,B,
19713,Triton,特裡同,風,防禦,5,A,
27115,Truffle,,暗,體力,4,B,
29101,Twin Angels,,水,支援,5,B,
29102,Twin Angels,,火,支援,5,B,
29103,Twin Angels,,風,支援,5,B,
29104,Twin Angels,,光,支援,5,B,
29105,Twin Angels,,暗,支援,5,B,
11811,Tyron,,水,攻擊,4,B,
11601,Undine,,水,支援,4,A,
11602,Undine,,火,支援,4,C,
11603,Undine,,風,支援,4,C,
11604,Undine,,光,支援,4,C,
11605,Undine,,暗,支援,4,C,
21501,Unicorn,,水,體力,5,B,
21502,Unicorn,,火,體力,5,B,
21503,Unicorn,,風,體力,5,A,
21504,Unicorn,,光,體力,5,A,
21505,Unicorn,,暗,體力,5,B,
10712,Ursha,,火,體力,2,D,
10732,Ursha,,火,體力,2,D,
17711,Urtau,,水,體力,3,C,
28513,Usha,,風,攻擊,4,B,
15201,Vagabond,,水,體力,2,D,
15203,Vagabond,,風,體力,2,D,
15202,Vagabond,,火,防禦,3,C,
15204,Vagabond,,光,防禦,3,A,
15205,Vagabond,,暗,防禦,3,C,
22214,Valantis,,光,體力,5,B,
22314,Valantis,,光,體力,5,B,
29615,Valdemar,,暗,體力,5,B,
13801,Valkyrja,,水,體力,5,B,
13802,Valkyrja,,火,支援,5,S,
13803,Valkyrja,,風,攻擊,5,A,
13804,Valkyrja,,光,防禦,5,B,
13805,Valkyrja,,暗,體力,5,B,
14701,Vampire,,水,體力,4,C,
14702,Vampire,,火,攻擊,4,S,
14703,Vampire,,風,攻擊,4,C,
14704,Vampire,,光,攻擊,5,B,
14705,Vampire,,暗,攻擊,5,B,
23005,Vampire Lord,,暗,攻擊,5,B,
24515,Vancliffe,梵克里夫,暗,攻擊,5,B,
13812,Vanessa,凡妮莎,火,支援,5,S,
12814,Varis,,光,支援,1,D,
28512,Varuna,,火,攻擊,4,B,
11515,Varus,,暗,防禦,3,B,
11535,Varus,,暗,防禦,3,B,
17012,Velajuel,貝拉爵日,火,支援,5,A,
31315,Velaska,維拉斯卡,暗,支援,5,S,
17813,Velfinodon,,風,防禦,3,C,
28312,Vendhan,班丹,火,攻擊,5,B,
28412,Vendhan,,火,攻擊,5,B,
14411,Verad,,水,防禦,5,A,
14712,Verdehile,費得海,火,攻擊,4,S,
24915,Vereesa,,暗,支援,4,B,
32603,Vermilion Bird Dancer,,風,支援,4,C,
32613,Vermilion Bird Dancer,,風,支援,4,B,
32604,Vermilion Bird Dancer,,光,攻擊,4,C,
32614,Vermilion Bird Dancer,,光,攻擊,4,B,
32601,Vermilion Bird Dancer,,水,體力,5,B,
32611,Vermilion Bird Dancer,,水,體力,5,B,
32602,Vermilion Bird Dancer,,火,支援,5,B,
32612,Vermilion Bird Dancer,,火,支援,5,B,
32605,Vermilion Bird Dancer,,暗,支援,5,B,
32615,Vermilion Bird Dancer,,暗,支援,5,B,
19215,Veromos,貝拉穆斯,暗,支援,5,S,
26114,Veronica,費洛妮卡,光,攻擊,5,A,
22412,Vidurr,,火,防禦,3,C,
14011,Vigor,,水,體力,3,B,
14031,Vigor,,水,體力,3,B,
14801,Viking,,水,攻擊,2,D,
14803,Viking,,風,體力,2,D,
14804,Viking,,光,防禦,2,D,
14802,Viking,,火,防禦,3,C,
14805,Viking,,暗,體力,3,C,
21415,Vivachel,維瓦切,暗,支援,5,S,
31415,Volg,,暗,體力,4,B,
28515,Vritra,,暗,體力,4,B,
15614,Walkers,,光,攻擊,3,C,
14813,Walter,,風,體力,2,D,
10702,Warbear,,火,體力,2,D,
10703,Warbear,,風,體力,2,S,
10705,Warbear,,暗,體力,2,D,
10701,Warbear,,水,體力,3,C,
10704,Warbear,,光,體力,3,C,
15611,Wayne,,水,攻擊,3,C,
25701,Weapon Master,,水,攻擊,5,B,
25702,Weapon Master,,火,攻擊,5,B,
25703,Weapon Master,,風,攻擊,5,B,
25704,Weapon Master,,光,攻擊,5,B,
25705,Weapon Master,,暗,攻擊,5,A,
20614,Wedjat,維阿傑特,光,防禦,5,B,
17215,Wei Shin,,暗,攻擊,3,C,
14001,Werewolf,,水,體力,3,C,
14002,Werewolf,,火,體力,3,C,
14003,Werewolf,,風,防禦,3,C,
14004,Werewolf,,光,體力,3,A,
14005,Werewolf,,暗,體力,3,C,
30901,Werner,,水,防禦,5,B,
30911,Werner,,水,防禦,5,B,
30902,Werner,,火,攻擊,5,B,
30912,Werner,,火,攻擊,5,B,
30903,Werner,,風,防禦,5,B,
30913,Werner,,風,防禦,5,B,
30904,Werner,,光,防禦,5,B,
30914,Werner,,光,防禦,5,B,
30905,Werner,,暗,攻擊,5,B,
30915,Werner,,暗,攻擊,5,B,
14214,White Angelmon,,光,素材,1,D,
18214,White King Angelmon,,光,素材,1,D,
32803,White Tiger Blade Master,,風,攻擊,4,C,
32813,White Tiger Blade Master,,風,攻擊,4,B,
32805,White Tiger Blade Master,,暗,攻擊,4,C,
32815,White Tiger Blade Master,,暗,攻擊,4,B,
32801,White Tiger Blade Master,,水,支援,5,B,
32811,White Tiger Blade Master,,水,支援,5,B,
32802,White Tiger Blade Master,,火,攻擊,5,B,
32812,White Tiger Blade Master,,火,攻擊,5,B,
32804,White Tiger Blade Master,,光,攻擊,5,B,
32814,White Tiger Blade Master,,光,攻擊,5,B,
20713,Windy,,風,支援,4,B,
18315,Wolyung,月英,暗,攻擊,5,A,
18413,Woochi,,風,防禦,4,B,
18415,Woonhak,,暗,體力,3,A,
18615,Woonsa,雲師,暗,體力,5,A,
18611,Woosa,雨師,水,體力,5,A,
23515,Xiana,,暗,攻擊,5,B,
23615,Xiana,,暗,攻擊,5,B,
17212,Xiao Chun,,火,攻擊,3,C,
17311,Xiao Lin,,水,攻擊,4,B,
15014,Xiao Ling,,光,體力,3,B,
15034,Xiao Ling,,光,體力,3,B,
16813,Xing Zhe,孫行者,風,體力,5,A,
21212,Xiong Fei,,火,防禦,5,B,
15811,Yaku,,水,攻擊,3,C,
29012,Yeji and Sapsaree,,火,支援,4,B,
15513,Yen,,風,攻擊,4,B,
29413,Yennefer,,風,攻擊,4,B,
29414,Yennefer,,光,支援,4,B,
29411,Yennefer,,水,攻擊,5,B,
29412,Yennefer,葉奈法,火,支援,5,S,
29415,Yennefer,,暗,攻擊,5,B,
18314,Yeonhong,豔紅,光,支援,5,A,
23913,Yeonhwa,,風,支援,4,B,
10401,Yeti,,水,防禦,2,D,
10402,Yeti,,火,體力,2,D,
10403,Yeti,,風,防禦,2,D,
10404,Yeti,,光,防禦,2,D,
10405,Yeti,,暗,體力,3,C,
30413,Yuji Itadori,,風,攻擊,4,B,
30414,Yuji Itadori,,光,攻擊,4,B,
30411,Yuji Itadori,,水,攻擊,5,B,
30412,Yuji Itadori,,火,攻擊,5,B,
30415,Yuji Itadori,,暗,攻擊,5,B,
29013,Yuna and Sapsaree,,風,支援,4,B,
14412,Zaiross,,火,攻擊,5,A,
25913,Zen,,風,支援,5,B,
27215,Zenisek,杰尼薛克,暗,支援,5,A,
32212,Zenitsu Agatsuma,,火,攻擊,4,B,
32214,Zenitsu Agatsuma,,光,攻擊,4,B,
32211,Zenitsu Agatsuma,,水,攻擊,5,B,
32213,Zenitsu Agatsuma,,風,攻擊,5,B,
32215,Zenitsu Agatsuma,我妻善逸,暗,攻擊,5,A,
22013,Zenobia,,風,攻擊,4,B,
19513,Zephicus,,風,體力,3,C,
14414,Zerath,傑拉斯,光,體力,5,B,
14615,Zeratu,澤拉圖,暗,攻擊,5,B,
27211,Zibala,吉帕拉,水,支援,5,B,
18112,Zibrolta,,火,攻擊,4,B,
27212,Zima,吉瑪,火,攻擊,5,B,
16515,Zinc,,暗,防禦,3,C,
16535,Zinc,,暗,防禦,3,B,
36001,Übel,,水,攻擊,4,C,
36011,Übel,,水,攻擊,4,B,
36002,Übel,,火,攻擊,4,C,
36012,Übel,,火,攻擊,4,B,
36003,Übel,,風,攻擊,4,C,
36013,Übel,,風,攻擊,4,B,
36004,Übel,,光,攻擊,4,C,
36014,Übel,,光,攻擊,4,B,
36005,Übel,,暗,攻擊,4,C,
36015,Übel,,暗,攻擊,4,B,
